-- phpMyAdmin SQL Dump
-- version 4.8.3
-- https://www.phpmyadmin.net/
--
-- Host: localhost:3306
-- Generation Time: May 15, 2019 at 10:27 AM
-- Server version: 5.6.41-84.1
-- PHP Version: 7.2.7

SET SQL_MODE = "NO_AUTO_VALUE_ON_ZERO";
SET AUTOCOMMIT = 0;
START TRANSACTION;
SET time_zone = "+00:00";


/*!40101 SET @OLD_CHARACTER_SET_CLIENT=@@CHARACTER_SET_CLIENT */;
/*!40101 SET @OLD_CHARACTER_SET_RESULTS=@@CHARACTER_SET_RESULTS */;
/*!40101 SET @OLD_COLLATION_CONNECTION=@@COLLATION_CONNECTION */;
/*!40101 SET NAMES utf8mb4 */;

--
-- Database: `jaman1_db002`
--

-- --------------------------------------------------------

--
-- Table structure for table `competition`
--

CREATE TABLE `competition` (
  `id` int(11) NOT NULL,
  `user_id` int(11) UNSIGNED NOT NULL,
  `title` varchar(200) NOT NULL,
  `body` text,
  `created_at` int(11) DEFAULT NULL,
  `updated_at` int(11) DEFAULT NULL,
  `budget_from` double(10,2) NOT NULL DEFAULT '0.00',
  `budget_to` double(10,2) NOT NULL DEFAULT '0.00'
) ENGINE=InnoDB DEFAULT CHARSET=latin1;

--
-- Dumping data for table `competition`
--

INSERT INTO `competition` (`id`, `user_id`, `title`, `body`, `created_at`, `updated_at`, `budget_from`, `budget_to`) VALUES
(1, 2, 'Test competition - 1', 'Lorem Ipsum is simply dummy text of the printing and typesetting industry. Lorem Ipsum has been the industry\'s standard dummy text ever since the 1500s, when an unknown printer took a1500s, when an unknown printer took a galley of ty content 1', 1555582307, 1555673709, 20.00, 30.00),
(2, 2, 'Test competition - 2', 'Lorem Ipsum is simply dummy text of the printing and typesetting industry. Lorem Ipsum has been the industry\'s standard dummy text ever since the 1500s, when an unknown printer took a1500s, when an unknown printer took a galley of ty content 2', 1555582321, 1555673727, 20.00, 100.00),
(3, 2, 'Test competition - 3', 'Lorem Ipsum is simply dummy text of the printing and typesetting industry. Lorem Ipsum has been the industry\'s standard dummy text ever since the 1500s, when an unknown printer took a1500s, when an unknown printer took a galley of ty content 3', 1555582287, 1555582287, 10.00, 100.00);

-- --------------------------------------------------------

--
-- Table structure for table `competition_comment`
--

CREATE TABLE `competition_comment` (
  `id` int(11) NOT NULL,
  `user_id` int(11) NOT NULL,
  `competition_id` int(11) UNSIGNED NOT NULL,
  `body` varchar(255) DEFAULT NULL,
  `created_at` int(11) DEFAULT NULL,
  `updated_at` int(11) DEFAULT NULL
) ENGINE=InnoDB DEFAULT CHARSET=latin1;

-- --------------------------------------------------------

--
-- Table structure for table `competition_rating`
--

CREATE TABLE `competition_rating` (
  `id` int(11) NOT NULL,
  `user_id` int(11) NOT NULL,
  `competition_id` int(11) UNSIGNED NOT NULL,
  `rating` int(11) NOT NULL DEFAULT '0',
  `created_at` int(11) DEFAULT NULL,
  `updated_at` int(11) DEFAULT NULL
) ENGINE=InnoDB DEFAULT CHARSET=latin1;

-- --------------------------------------------------------

--
-- Table structure for table `contactus`
--

CREATE TABLE `contactus` (
  `id` int(11) NOT NULL,
  `name` varchar(100) DEFAULT NULL,
  `email` varchar(100) NOT NULL,
  `message` varchar(256) DEFAULT NULL,
  `created_at` int(11) NOT NULL
) ENGINE=InnoDB DEFAULT CHARSET=latin1;

--
-- Dumping data for table `contactus`
--

INSERT INTO `contactus` (`id`, `name`, `email`, `message`, `created_at`) VALUES
(1, 'test', 'test@mail.com', 'Test message', 1556723651),
(2, 'test', 'test@mail.com', 'tes mesaage', 1556723801),
(3, 'test 3', 'test3@mail.com', 'test message', 1556724265),
(4, 'ajweee', 'ajeetkumar@gmail.com', 'sdsdsdsd', 1556797431),
(5, 'test', 'rksharma@virtualemployee.com', 'test', 1557389822),
(12, 'arkotte123', 'testvirtual8@gmail.com', 'test arkotte', 1557397261),
(13, 'arkotte', 'testvirtual8@gmail.com', 'test arkotte', 1557397316),
(14, 'testvirtual8', 'testvirtual8@gmail.com', 'fgfgfd', 1557397335),
(15, 'test', 'emmail@mailinator.com', 'testmail', 1557468450),
(16, 'test', 'emmail@mailinator.com', 'test', 1557468509),
(17, 'Test ', 'architect2@yopmail.com', 'Test data ', 1557479505),
(18, 'Test', 'architect2@yopmail.com', 'Test data', 1557479561),
(19, 'Test', 'architect2@yopmail.com', 'Test data', 1557479601),
(20, 'Test', 'architect2@yopmail.com', 'Test', 1557479620),
(21, 'Test', 'architect2@yopmail.com', 'test', 1557479730),
(22, 'test', 'emmail@milinator.com', 'test', 1557479907),
(23, 'test', 'architect2@yopmail.com', 'Test data', 1557479942),
(24, 'test100', 'emmail@mailinator.com', 'welcome', 1557495354),
(25, 'ajeet kumar', 'ajeetkumar@virtualemployee.com', 'need help for design', 1557741179),
(26, 'ajeet kumar', 'ajeetkumar@virtualemployee.com', 'demo 123 need help', 1557818577),
(27, 'ajeet jaiswal', 'ajeetkumae@virtualemployee.com', 'need help ?', 1557832883),
(28, 'ajeet jaiswal', 'ajeetkumar@virtualemployee.com', 'need help', 1557832913),
(29, 'test', 'demok123@yopmail.com', 'Lorem ipsum', 1557930864);

-- --------------------------------------------------------

--
-- Table structure for table `contest`
--

CREATE TABLE `contest` (
  `id` int(11) NOT NULL,
  `user_id` int(11) NOT NULL,
  `order_id` varchar(100) NOT NULL DEFAULT '0',
  `inspiration` text,
  `building_site` text,
  `materials_finishes` text,
  `about_situation` varchar(100) DEFAULT NULL,
  `about_situation_other` varchar(200) DEFAULT NULL,
  `about_family` varchar(100) DEFAULT NULL,
  `about_family_other` varchar(200) DEFAULT NULL,
  `family_specific_need` varchar(200) DEFAULT NULL,
  `beds_no` varchar(100) DEFAULT '0',
  `bathrooms_no` varchar(100) DEFAULT '0',
  `living_spaces` varchar(200) DEFAULT NULL,
  `additional_room` varchar(200) DEFAULT NULL,
  `communicate_architects` varchar(200) DEFAULT NULL,
  `approximate_budjet` varchar(100) DEFAULT NULL,
  `your_aprox_budget_from` double(10,2) NOT NULL DEFAULT '0.00',
  `your_aprox_budget_to` double(10,2) NOT NULL DEFAULT '0.00',
  `looking_build` varchar(100) DEFAULT NULL,
  `land_other_size` varchar(100) NOT NULL DEFAULT '0',
  `sketches` text NOT NULL,
  `design_package` varchar(200) NOT NULL DEFAULT '0',
  `contest_title` varchar(200) NOT NULL,
  `promote_contest` varchar(200) DEFAULT NULL,
  `guaranteed_contest_option` varchar(200) DEFAULT NULL,
  `contest_duration` varchar(100) NOT NULL DEFAULT '0' COMMENT 'In Days',
  `name` varchar(200) NOT NULL,
  `email` varchar(100) NOT NULL,
  `phone` int(10) NOT NULL,
  `hear_about_arkotte` varchar(100) NOT NULL,
  `status` enum('1','0') NOT NULL DEFAULT '1' COMMENT '1=> Live, 0=> Not Live',
  `payment_status` enum('pending','success') NOT NULL DEFAULT 'pending' COMMENT 'payment status',
  `payment_date` int(11) DEFAULT NULL,
  `created_at` int(11) DEFAULT NULL,
  `updated_at` int(11) DEFAULT NULL
) ENGINE=InnoDB DEFAULT CHARSET=latin1;

--
-- Dumping data for table `contest`
--

INSERT INTO `contest` (`id`, `user_id`, `order_id`, `inspiration`, `building_site`, `materials_finishes`, `about_situation`, `about_situation_other`, `about_family`, `about_family_other`, `family_specific_need`, `beds_no`, `bathrooms_no`, `living_spaces`, `additional_room`, `communicate_architects`, `approximate_budjet`, `your_aprox_budget_from`, `your_aprox_budget_to`, `looking_build`, `land_other_size`, `sketches`, `design_package`, `contest_title`, `promote_contest`, `guaranteed_contest_option`, `contest_duration`, `name`, `email`, `phone`, `hear_about_arkotte`, `status`, `payment_status`, `payment_date`, `created_at`, `updated_at`) VALUES
(1, 3, '9182763121556295238', 'images/gallery_img_1.jpg||images/gallery_img_2.jpg', 'Noida, Uttar Pradesh, India', 'images/gallery_img_1.jpg||images/gallery_img_2.jpg', 'We are wanting to downsize', NULL, 'Just myself', NULL, 'Lorem Ipsum is simply dummy text of the printing and typesetting industry. lorem Ipsum has been the industry\'s standard dummy text ever since the 1500s-Test data', 'Studio', '1 bathroom', 'Test data', 'Test data', 'The standard chunk of Lorem Ipsum used since the 1500s is reproduced below for those interested. Sections 1.10.32 -test1-Test data', '<250000', 0.00, 0.00, 'Right away!', '1 bathroom', 'Desert.jpg', '799.00', 'Test data', 'Yes please, promote my contest', 'Yes please, make my contest guaranteed', '14', 'test', 'test@gmail.com', 1234567890, 'Referred by Friend', '1', 'success', 1556295272, 1556295238, 1556295238),
(2, 3, '6258042321556550638', 'images/inspiration/1.jpg', 'Noida, Uttar Pradesh, India', 'images/material-and-finishes/1.jpg', 'We are wanting to downsize', NULL, 'Just myself', NULL, 'Lorem Ipsum is simply dummy text of the printing and typesetting industry. lorem Ipsum has been the industry\'s standard dummy text ever since the 1500s-', 'Studio', '1 bathroom', 'test', 'test', 'The standard chunk of Lorem Ipsum used since the 1500s is reproduced below for those interested. Sections 1.10.32 -test1-test', '<250000', 0.00, 0.00, 'Right away!', '1 bathroom', 'Desert.jpg', '799.00', 'test', 'Yes please, promote my contest', 'Yes please, make my contest guaranteed', '14', 'test', 'test@gmail.com', 1234567890, 'Search Engine (e.g. Google)', '1', 'success', 1556550674, 1556550638, 1556550638),
(3, 3, '6197602021556606128', 'images/inspiration/1.jpg||images/inspiration/2.jpg', 'Noida, Uttar Pradesh, India', 'images/material-and-finishes/1.jpg||images/material-and-finishes/2.jpg', 'We are wanting to downsize', NULL, 'Just myself', NULL, 'Lorem Ipsum is simply dummy text of the printing and typesetting industry. lorem Ipsum has been the industry\'s standard dummy text ever since the 1500s-test', 'Studio', '1 bathroom', 'test', 'test', 'The standard chunk of Lorem Ipsum used since the 1500s is reproduced below for those interested. Sections 1.10.32 -test1-test', '<250000', 0.00, 0.00, 'Right away!', '1 bathroom', 'Desert.jpg', '799.00', 'test', 'Yes please, promote my contest', 'Yes please, make my contest guaranteed', '14', 'test', 'test@gmail.com', 1234567890, 'Search Engine (e.g. Google)', '1', 'pending', NULL, 1556606128, 1556606128),
(4, 3, '4428450321556616461', 'images/inspiration/1.jpg||images/inspiration/2.jpg||images/inspiration/3.jpg', 'Noida, Uttar Pradesh, India', 'images/material-and-finishes/1.jpg||images/material-and-finishes/2.jpg||images/material-and-finishes/3.jpg', 'We are new to the housing marke', NULL, 'Just myself', NULL, 'Lorem Ipsum is simply dummy text of the printing and typesetting industry. lorem Ipsum has been the industry\'s standard dummy text ever since the 1500s-demo', 'Studio', '1 bathroom', 'demo', 'demo', 'The standard chunk of Lorem Ipsum used since the 1500s is reproduced below for those interested. Sections 1.10.32 -test1--demo', '<250000', 0.00, 0.00, 'Right away!', '1 bathroom', 'Desert.jpg', '799.00', 'demo', 'Yes please, promote my contest', 'Yes please, make my contest guaranteed', '14', 'ajeet kumar', 'jeet.super@abc.com', 2147483647, 'Referred by Friend', '1', 'success', 1556616665, 1556616461, 1556616461),
(5, 3, '3417444621556809542', 'images/inspiration/1.jpg||images/inspiration/2.jpg||images/inspiration/3.jpg', 'Noida, Uttar Pradesh, India', 'images/material-and-finishes/1.jpg||images/material-and-finishes/2.jpg||images/material-and-finishes/3.jpg', 'We are new to the housing marke', NULL, 'Just myself', NULL, 'Test message - 2', '1 bedroom', '1 bathroom', 'Test message - 2', 'Test message - 2', 'Test message - 2', '250001-350000', 0.00, 0.00, 'Right away!', '1 bathroom', 'Desert.jpg', '799.00', 'Test message - 2', 'Yes please, promote my contest', 'Yes please, make my contest guaranteed', '1', 'test', 'test@gmail.com', 1234567890, 'Search Engine (e.g. Google)', '1', 'pending', NULL, 1556809542, 1556809542),
(6, 3, '2720669931557325985', 'images/inspiration/1.jpg', 'Noida, Uttar Pradesh, India', 'images/material-and-finishes/1.jpg||images/material-and-finishes/2.jpg', 'We are wanting to downsize', 'Contrary to popular belief, Lorem Ipsum is not simply random text', 'Just myself', 'Contrary to popular belief, Lorem Ipsum is not simply random text', 'Contrary to popular belief, Lorem Ipsum is not simply random text', 'Studio', '1 bathroom', 'Contrary to popular belief, Lorem Ipsum is not simply random text', 'Contrary to popular belief, Lorem Ipsum is not simply random text', 'Contrary to popular belief, Lorem Ipsum is not simply random text', '<250000', 0.00, 0.00, 'Right away!', '1 bathroom', 'brina-blum-275955-unsplash.jpg', '799.00', 'Contrary to popular belief', NULL, 'Yes please, make my contest guaranteed', '14', 'test', 'test@gmail.com', 1234567890, 'I’ve used Arkotte before', '1', 'success', 1557326013, 1557325985, 1557325985),
(7, 8, '3081176281557394506', 'images/inspiration/1.jpg', 'Noida, Uttar Pradesh, India', 'images/material-and-finishes/1.jpg', 'We are wanting to downsize', 'demo by user demo1234', 'Just myself', 'demo 1234', 'df', 'Studio', '1 bathroom', 'dfdf', 'dfdf', 'dfdfdf', '<250000', 0.00, 0.00, 'Right away!', '1 bathroom', 'dc12736a767313f970aa9d05c601410f.jpg', '799.00', 'demo', NULL, 'Yes please, make my contest guaranteed', '0', 'ajeet kumar', 'ajeetkumar@virtualemployee.com', 2147483647, 'Search Engine (e.g. Google)', '1', 'success', 1557394535, 1557394506, 1557394506),
(8, 8, '610564681557395477', 'images/inspiration/1.jpg||images/inspiration/3.jpg', 'Noida Sector 52 Metro Station, Block E, Sector 51, Noida, Uttar Pradesh, India', 'images/material-and-finishes/2.jpg||images/material-and-finishes/3.jpg', 'We are wanting to downsize', 'test contest 123', 'Just myself', 'test contest 123test contest 123test contest 123', 'test contest 123test contest 123', 'Studio', '1 bathroom', 'test contest 123test contest 123test contest 123test contest 123', 'test contest 123test contest 123', 'test contest 123test contest 123', '<250000', 0.00, 0.00, 'Right away!', '2 bathrooms', 'dc12736a767313f970aa9d05c601410f.jpg', '799.00', 'demo test contest 123test contest 123test contest 123', NULL, 'Yes please, make my contest guaranteed', '0', 'ajeet jaiswal', 'ajeetkumar@virtualemployee.com', 2147483647, 'Search Engine (e.g. Google)', '1', 'success', 1557395501, 1557395477, 1557395477),
(9, 5, '6419397851557398720', 'images/inspiration/5.jpg', 'New York Film Academy, Greek Street, Glebe NSW, Australia', 'images/material-and-finishes/8.jpg', 'We are wanting to downsize', '11111', 'The parents and the kids', '22222222222', '3333333333', '5 bedrooms or over', '2 bedrobathroomsom', '444444444', '55555555', '6666666666', '250001-350000', 0.00, 0.00, 'Right away!', '1 bathroom', 'rose-729509_960_720.jpg', '799.00', 'test1000 at arkotte', NULL, 'Yes please, make my contest guaranteed', '14', 'test architect', 'architect3@yopmail.com', 2147483647, 'Referred by Friend', '1', 'success', 1557399411, 1557398720, 1557398720),
(10, 7, '524010871557403223', 'images/inspiration/1.jpg||images/inspiration/2.jpg||images/inspiration/3.jpg||images/inspiration/4.jpg||images/inspiration/5.jpg||images/inspiration/6.jpg||images/inspiration/7.jpg||images/inspiration/8.jpg', 'New York University Sydney, Gloucester Street, The Rocks NSW, Australia', 'images/material-and-finishes/1.jpg||images/material-and-finishes/2.jpg||images/material-and-finishes/3.jpg||images/material-and-finishes/4.jpg||images/material-and-finishes/5.jpg||images/material-and-finishes/6.jpg||images/material-and-finishes/7.jpg||images/material-and-finishes/8.jpg', 'This is an investment propert', 'test1\r\nLorem ipsum dolor sit amet, consectetur adipiscing elit, sed do eiusmod tempor incididunt ut labore et dolore magna aliqua. Ut enim ad minim veniam, quis nostrud exercitation ullamco laboris ni', 'Grandparents & occasionally the grandkids', 'test2\r\nLorem ipsum dolor sit amet, consectetur adipiscing elit, sed do eiusmod tempor incididunt ut labore et dolore magna aliqua. Ut enim ad minim veniam, quis nostrud exercitation ullamco laboris ni', 'test3\r\nLorem ipsum dolor sit amet, consectetur adipiscing elit, sed do eiusmod tempor incididunt ut labore et dolore magna aliqua. Ut enim ad minim veniam, quis nostrud exercitation ullamco laboris ni', '4 bedrooms', '5 bathrooms or over', 'test4\r\nLorem ipsum dolor sit amet, consectetur adipiscing elit, sed do eiusmod tempor incididunt ut labore et dolore magna aliqua. Ut enim ad minim veniam, quis nostrud exercitation ullamco laboris ni', 'test5\r\nLorem ipsum dolor sit amet, consectetur adipiscing elit, sed do eiusmod tempor incididunt ut labore et dolore magna aliqua. Ut enim ad minim veniam, quis nostrud exercitation ullamco laboris ni', 'test6\r\nLorem ipsum dolor sit amet, consectetur adipiscing elit, sed do eiusmod tempor incididunt ut labore et dolore magna aliqua. Ut enim ad minim veniam, quis nostrud exercitation ullamco laboris ni', '>750000', 0.00, 0.00, 'In the next few weeks', '5 bathrooms or over', 'images (8).jpg', '799.00', 'test7\r\nLorem ipsum dolor sit amet, consectetur adipiscing elit, sed do eiusmod tempor incididunt ut labore et dolore magna aliqua. Ut enim ad minim veniam, quis nostrud exercitation ullamco laboris ni', NULL, 'Yes please, make my contest guaranteed', '0', 'Alex', 'testmail837@mailinator.com', 2147483647, 'Another Website', '1', 'success', 1557403299, 1557403223, 1557403223),
(11, 7, '8488979571557409675', 'images/inspiration/43.jpg||images/inspiration/44.jpg||images/inspiration/45.jpg', 'Newtown Station, Newtown NSW, Australia', 'images/material-and-finishes/40.jpg||images/material-and-finishes/41.jpg||images/material-and-finishes/42.jpg', 'Holiday house', 'Holiday house 123', 'Grandparents & occasionally the grandkids', ' Grandparents & occasionally the grandkids 123', '1. Our society thrives on strong families. ...\r\n2. Strong families have good communication. ...\r\n3. To build strong family relationships, listen actively to each other. ...\r\n4. Use “I” messages rather', '5 bedrooms or over', '3 bathrooms', 'Get inspired by these designer family room ideas to spruce up your ... If you\'re color-averse, take note from this space and bring in .... If your living room doubles as the family room, a reading noo', 'Step 1.) Write a description for each room (or feature) of the property.\r\nStep 2.) Attract the kind of guests you want.\r\nStep 3.) Slap all those different sections together.', ' Room 1: This is the master bedroom. It has a king sized bed, it’s own bathroom, giant walk-in closet, TV with cable, and balcony that overlooks the estate.\r\nRoom 2: This is large bedroom with 2 queen', '650001-750000', 0.00, 0.00, '9 Months', '2 bathrooms', 'Nissan_300ZX_Twin_Turbo_(13381161023).jpg', '799.00', 'Plus Real Life+', NULL, 'Yes please, make my contest guaranteed', '14', 'John', 'testmail837@mailinator.com', 2147483647, 'I’ve used Arkotte before', '1', 'success', 1557409731, 1557409675, 1557409675),
(12, 2, '5101184621557414402', 'images/inspiration/1.jpg', 'Noi Due Italian & Lebanese Dining, Tennyson Road, Mortlake NSW, Australia', 'images/material-and-finishes/1.jpg', 'We are wanting to downsize', 'Test', 'Just myself', 'Test', 'Test', 'Studio', '1 bathroom', 'Test', 'Test', 'Test', '<250000', 0.00, 0.00, 'Right away!', '1 bathroom', 'brina-blum-275955-unsplash - Copy.jpg', '799.00', 'Write a descriptive contest title to attract more designers.', NULL, NULL, '14', 'test', 'test@gmail.com', 1234567890, 'Search Engine (e.g. Google)', '1', 'success', 1557414430, 1557414402, 1557414402),
(13, 7, '9304401671557489815', 'images/inspiration/7.jpg||images/inspiration/8.jpg||images/inspiration/9.jpg||images/inspiration/10.jpg', 'Newtown Hotel, King Street, Newtown NSW, Australia', 'images/material-and-finishes/22.jpg||images/material-and-finishes/23.jpg||images/material-and-finishes/24.jpg||images/material-and-finishes/26.jpg||images/material-and-finishes/27.jpg', 'This is an investment propert', 'CommArts also publishes a physical magazine in addition to their web offerings called “Communication Arts Magazine.” CommArts regularly posts features and articles from the design world.CommArts111111', 'Grandparents & occasionally the grandkids', 'CommArts also publishes a physical magazine in addition to their web offerings called “Communication Arts Magazine.” CommArts regularly posts features and articles from the design world.CommArts222222', 'CommArts also publishes a physical magazine in addition to their web offerings called “Communication Arts Magazine.” CommArts regularly posts features and articles from the design world.CommArts333333', '5 bedrooms or over', '2 bathrooms', 'CommArts also publishes a physical magazine in addition to their web offerings called “Communication Arts Magazine.” CommArts regularly posts features and articles from the design world.CommArts444444', 'CommArts also publishes a physical magazine in addition to their web offerings called “Communication Arts Magazine.” CommArts regularly posts features and articles from the design world.CommArts555555', 'CommArts also publishes a physical magazine in addition to their web offerings called “Communication Arts Magazine.” CommArts regularly posts features and articles from the design world.CommArts666666', '>750000', 0.00, 0.00, 'In the next few weeks', '5 bathrooms or over', 'horse-337215_1920.jpg', '799.00', 'DESIGNOGRAPGY 2019-20 V99.99', NULL, NULL, '14', 'Alex', 'donwithkalnayak-buyer-1@gmail.com', 2147483647, 'Referred by Friend', '1', 'success', 1557489860, 1557489815, 1557489815),
(14, 3, '8903438631557909274', 'images/inspiration/1.jpg||images/inspiration/2.jpg||images/inspiration/3.jpg', 'Noida, Uttar Pradesh, India', 'images/material-and-finishes/1.jpg||images/material-and-finishes/2.jpg', 'We are wanting to downsize', 'Contrary to popular belief, Lorem Ipsum is not simply random text. It has roots in a piece of classical Latin literature from 45 BC, making it over 2000 years old.', 'Just myself', 'Contrary to popular belief, Lorem Ipsum is not simply random text. It has roots in a piece of classical Latin literature from 45 BC, making it over 2000 years old.', 'Contrary to popular belief, Lorem Ipsum is not simply random text. It has roots in a piece of classical Latin literature from 45 BC, making it over 2000 years old.', 'Studio', '1 bathroom', 'Contrary to popular belief, Lorem Ipsum is not simply random text. It has roots in a piece of classical Latin literature from 45 BC, making it over 2000 years old.', 'Contrary to popular belief, Lorem Ipsum is not simply random text. It has roots in a piece of classical Latin literature from 45 BC, making it over 2000 years old.', 'Contrary to popular belief, Lorem Ipsum is not simply random text. It has roots in a piece of classical Latin literature from 45 BC, making it over 2000 years old.', '250001-350000', 0.00, 0.00, 'Right away!', '1 bathroom', 'brina-blum-275955-unsplash - Copy.jpg', '1', 'Contrary to popular belief, Lorem Ipsum is not simply random text. It has roots in a piece of classi', NULL, NULL, '14', 'test', 'test@gmail.com', 1234567890, 'Referred by Friend', '1', 'pending', NULL, 1557909274, 1557909274),
(15, 3, '2924458831557909547', 'images/inspiration/1.jpg||images/inspiration/2.jpg', 'Noida, Uttar Pradesh, India', 'images/material-and-finishes/1.jpg||images/material-and-finishes/2.jpg', 'We are wanting to downsize', 'Contrary to popular belief, Lorem Ipsum is not simply random text. It has roots in a piece of classical Latin literature from 45 BC, making it over 2000 years old.', 'Just myself', 'Contrary to popular belief, Lorem Ipsum is not simply random text. It has roots in a piece of classical Latin literature from 45 BC, making it over 2000 years old.', 'Contrary to popular belief, Lorem Ipsum is not simply random text. It has roots in a piece of classical Latin literature from 45 BC, making it over 2000 years old.', 'Studio', '1 bathroom', 'Contrary to popular belief, Lorem Ipsum is not simply random text. It has roots in a piece of classical Latin literature from 45 BC, making it over 2000 years old.', 'Contrary to popular belief, Lorem Ipsum is not simply random text. It has roots in a piece of classical Latin literature from 45 BC, making it over 2000 years old.', 'Contrary to popular belief, Lorem Ipsum is not simply random text. It has roots in a piece of classical Latin literature from 45 BC, making it over 2000 years old.', '250001-350000', 0.00, 0.00, 'Right away!', '1 bathroom', 'casey-schackow-1143889-unsplash.jpg', '799.00', 'Contrary to popular belief, Lorem Ipsum is not simply random text. It has roots in a piece of classi', NULL, NULL, '14', 'test', 'test@gmail.com', 1234567890, 'Referred by Friend', '1', 'pending', NULL, 1557909547, 1557909547),
(16, 3, '2495712131557909985', 'images/inspiration/1.jpg||images/inspiration/2.jpg', 'Noida, Uttar Pradesh, India', 'images/material-and-finishes/1.jpg||images/material-and-finishes/2.jpg', 'We are wanting to downsize', 'Contrary to popular belief, Lorem Ipsum is not simply random text. It has roots in a piece of classical Latin literature from 45 BC, making it over 2000 years old.', 'Just myself', 'Contrary to popular belief, Lorem Ipsum is not simply random text. It has roots in a piece of classical Latin literature from 45 BC, making it over 2000 years old.', 'Contrary to popular belief, Lorem Ipsum is not simply random text. It has roots in a piece of classical Latin literature from 45 BC, making it over 2000 years old.', 'Studio', '1 bathroom', 'Contrary to popular belief, Lorem Ipsum is not simply random text. It has roots in a piece of classical Latin literature from 45 BC, making it over 2000 years old.', 'Contrary to popular belief, Lorem Ipsum is not simply random text. It has roots in a piece of classical Latin literature from 45 BC, making it over 2000 years old.', 'Contrary to popular belief, Lorem Ipsum is not simply random text. It has roots in a piece of classical Latin literature from 45 BC, making it over 2000 years old.', '<250000', 0.00, 0.00, 'In 3 months', '3 bathrooms', 'brina-blum-275955-unsplash.jpg', '799.00', 'Contest Test title - k1', NULL, NULL, '14', 'test', 'test@gmail.com', 1234567890, 'Pinterest', '1', 'pending', NULL, 1557909985, 1557909985),
(17, 3, '5702284831557910073', 'images/inspiration/1.jpg||images/inspiration/2.jpg', 'Noida, Uttar Pradesh, India', 'images/material-and-finishes/1.jpg||images/material-and-finishes/2.jpg', 'We are wanting to downsize', 'Contrary to popular belief, Lorem Ipsum is not simply random text. It has roots in a piece of classical Latin literature from 45 BC, making it over 2000 years old.', 'Just myself', 'Contrary to popular belief, Lorem Ipsum is not simply random text. It has roots in a piece of classical Latin literature from 45 BC, making it over 2000 years old.', 'Contrary to popular belief, Lorem Ipsum is not simply random text. It has roots in a piece of classical Latin literature from 45 BC, making it over 2000 years old.', 'Studio', '1 bathroom', 'Contrary to popular belief, Lorem Ipsum is not simply random text. It has roots in a piece of classical Latin literature from 45 BC, making it over 2000 years old.', 'Contrary to popular belief, Lorem Ipsum is not simply random text. It has roots in a piece of classical Latin literature from 45 BC, making it over 2000 years old.', 'Contrary to popular belief, Lorem Ipsum is not simply random text. It has roots in a piece of classical Latin literature from 45 BC, making it over 2000 years old.', '<250000', 0.00, 0.00, 'In 3 months', '3 bathrooms', 'brina-blum-275955-unsplash.jpg', '799.00', 'Contest Test title - k1', NULL, NULL, '14', 'test', 'test@gmail.com', 1234567890, 'Pinterest', '1', 'pending', NULL, 1557910073, 1557910073),
(18, 3, '457220331557910674', 'images/inspiration/1.jpg||images/inspiration/2.jpg', 'Noida, Uttar Pradesh, India', 'images/material-and-finishes/1.jpg||images/material-and-finishes/2.jpg', 'We are wanting to downsize', 'Contrary to popular belief, Lorem Ipsum is not simply random text. It has roots in a piece of classical Latin literature from 45 BC, making it over 2000 years old.', 'Just myself', 'Contrary to popular belief, Lorem Ipsum is not simply random text. It has roots in a piece of classical Latin literature from 45 BC, making it over 2000 years old.', 'Contrary to popular belief, Lorem Ipsum is not simply random text. It has roots in a piece of classical Latin literature from 45 BC, making it over 2000 years old.', 'Studio', '1 bathroom', 'Contrary to popular belief, Lorem Ipsum is not simply random text. It has roots in a piece of classical Latin literature from 45 BC, making it over 2000 years old.', 'Contrary to popular belief, Lorem Ipsum is not simply random text. It has roots in a piece of classical Latin literature from 45 BC, making it over 2000 years old.', 'Contrary to popular belief, Lorem Ipsum is not simply random text. It has roots in a piece of classical Latin literature from 45 BC, making it over 2000 years old.', '<250000', 0.00, 0.00, 'In 3 months', '3 bathrooms', 'brina-blum-275955-unsplash.jpg', '799.00', 'Contest Test title - k2', NULL, NULL, '14', 'test', 'test@gmail.com', 1234567890, 'Pinterest', '1', 'pending', NULL, 1557910674, 1557910674),
(19, 3, '4565604331557911808', 'images/inspiration/1.jpg||images/inspiration/2.jpg', 'Noida, Uttar Pradesh, India', 'images/material-and-finishes/1.jpg||images/material-and-finishes/2.jpg', 'We are wanting to downsize', 'Contrary to popular belief, Lorem Ipsum is not simply random text. It has roots in a piece of classical Latin literature from 45 BC, making it over 2000 years old.', 'Just myself', 'Contrary to popular belief, Lorem Ipsum is not simply random text. It has roots in a piece of classical Latin literature from 45 BC, making it over 2000 years old.', 'Contrary to popular belief, Lorem Ipsum is not simply random text. It has roots in a piece of classical Latin literature from 45 BC, making it over 2000 years old.', 'Studio', '1 bathroom', 'Contrary to popular belief, Lorem Ipsum is not simply random text. It has roots in a piece of classical Latin literature from 45 BC, making it over 2000 years old.', 'Contrary to popular belief, Lorem Ipsum is not simply random text. It has roots in a piece of classical Latin literature from 45 BC, making it over 2000 years old.', 'Contrary to popular belief, Lorem Ipsum is not simply random text. It has roots in a piece of classical Latin literature from 45 BC, making it over 2000 years old.', '<250000', 0.00, 0.00, 'In 3 months', '3 bathrooms', 'brina-blum-275955-unsplash.jpg', '1.00', 'Contest Test title - k2', NULL, NULL, '14', 'test', 'test@gmail.com', 1234567890, 'Pinterest', '1', 'pending', NULL, 1557911808, 1557911808),
(20, 3, '8089889931557911830', 'images/inspiration/1.jpg', 'Noida, Uttar Pradesh, India', 'images/material-and-finishes/1.jpg||images/material-and-finishes/2.jpg', 'We are wanting to downsize', 'Contrary to popular belief, Lorem Ipsum is not simply random text. It has roots in a piece of classical Latin literature from 45 BC, making it over 2000 years old.', 'Just myself', 'Contrary to popular belief, Lorem Ipsum is not simply random text. It has roots in a piece of classical Latin literature from 45 BC, making it over 2000 years old.', 'Contrary to popular belief, Lorem Ipsum is not simply random text. It has roots in a piece of classical Latin literature from 45 BC, making it over 2000 years old.', 'Studio', '1 bathroom', 'Contrary to popular belief, Lorem Ipsum is not simply random text. It has roots in a piece of classical Latin literature from 45 BC, making it over 2000 years old.', 'Contrary to popular belief, Lorem Ipsum is not simply random text. It has roots in a piece of classical Latin literature from 45 BC, making it over 2000 years old.', 'Contrary to popular belief, Lorem Ipsum is not simply random text. It has roots in a piece of classical Latin literature from 45 BC, making it over 2000 years old.', '<250000', 0.00, 0.00, 'In 3 months', '3 bathrooms', 'brina-blum-275955-unsplash.jpg', '1.00', 'Contest Test title - k2', NULL, NULL, '14', 'test', 'test@gmail.com', 1234567890, 'Pinterest', '1', 'pending', NULL, 1557911830, 1557911830),
(21, 3, '8097413531557912125', 'images/inspiration/1.jpg', 'Noida, Uttar Pradesh, India', 'images/material-and-finishes/1.jpg||images/material-and-finishes/2.jpg', 'We are wanting to downsize', 'Contrary to popular belief, Lorem Ipsum is not simply random text. It has roots in a piece of classical Latin literature from 45 BC, making it over 2000 years old.', 'Just myself', 'Contrary to popular belief, Lorem Ipsum is not simply random text. It has roots in a piece of classical Latin literature from 45 BC, making it over 2000 years old.', 'Contrary to popular belief, Lorem Ipsum is not simply random text. It has roots in a piece of classical Latin literature from 45 BC, making it over 2000 years old.', 'Studio', '1 bathroom', 'Contrary to popular belief, Lorem Ipsum is not simply random text. It has roots in a piece of classical Latin literature from 45 BC, making it over 2000 years old.', 'Contrary to popular belief, Lorem Ipsum is not simply random text. It has roots in a piece of classical Latin literature from 45 BC, making it over 2000 years old.', 'Contrary to popular belief, Lorem Ipsum is not simply random text. It has roots in a piece of classical Latin literature from 45 BC, making it over 2000 years old.', '<250000', 0.00, 0.00, 'In 3 months', '3 bathrooms', 'brina-blum-275955-unsplash.jpg', '1.00', 'Contest Test title - k2', NULL, NULL, '14', 'test', 'test@gmail.com', 1234567890, 'Pinterest', '1', 'pending', NULL, 1557912125, 1557912125),
(22, 3, '7283527531557912180', 'images/inspiration/1.jpg||images/inspiration/2.jpg', 'Noida, Uttar Pradesh, India', 'images/material-and-finishes/1.jpg||images/material-and-finishes/2.jpg', 'We are wanting to downsize', 'Contrary to popular belief, Lorem Ipsum is not simply random text. It has roots in a piece of classical Latin literature from 45 BC, making it over 2000 years old.', 'Just myself', 'Contrary to popular belief, Lorem Ipsum is not simply random text. It has roots in a piece of classical Latin literature from 45 BC, making it over 2000 years old.', 'Contrary to popular belief, Lorem Ipsum is not simply random text. It has roots in a piece of classical Latin literature from 45 BC, making it over 2000 years old.', 'Studio', '1 bathroom', 'Contrary to popular belief, Lorem Ipsum is not simply random text. It has roots in a piece of classical Latin literature from 45 BC, making it over 2000 years old.', 'Contrary to popular belief, Lorem Ipsum is not simply random text. It has roots in a piece of classical Latin literature from 45 BC, making it over 2000 years old.', 'Contrary to popular belief, Lorem Ipsum is not simply random text. It has roots in a piece of classical Latin literature from 45 BC, making it over 2000 years old.', '<250000', 0.00, 0.00, 'In 3 months', '3 bathrooms', 'brina-blum-275955-unsplash - Copy.jpg', '1.00', 'Contest Test title - k3', NULL, NULL, '14', 'test', 'test@gmail.com', 1234567890, 'Pinterest', '1', 'pending', NULL, 1557912180, 1557912180),
(23, 3, '4594298231557921055', 'images/inspiration/1.jpg', 'Noida, Uttar Pradesh, India', 'images/material-and-finishes/1.jpg||images/material-and-finishes/2.jpg', 'We are new to the housing marke', 'Lorem Ipsum is simply dummy text of the printing and typesetting industry.', 'Just myself', 'Lorem Ipsum is simply dummy text of the printing and typesetting industry.', 'Lorem Ipsum is simply dummy text of the printing and typesetting industry.', 'Studio', '1 bathroom', 'Lorem Ipsum is simply dummy text of the printing and typesetting industry.', 'Lorem Ipsum is simply dummy text of the printing and typesetting industry.', 'Lorem Ipsum is simply dummy text of the printing and typesetting industry.', '<250000', 0.00, 0.00, 'Right away!', '1 bathroom', 'brina-blum-275955-unsplash - Copy.jpg', '1.00', 'Lorem Ipsum is simply dummy text of the printing and typesetting industry.', NULL, NULL, '14', 'test', 'test@gmail.com', 1234567890, 'Instagram', '1', 'pending', NULL, 1557921055, 1557921055);

-- --------------------------------------------------------

--
-- Table structure for table `contest_proposal`
--

CREATE TABLE `contest_proposal` (
  `id` int(11) NOT NULL,
  `contest_id` int(11) NOT NULL,
  `user_id` int(11) NOT NULL,
  `comment` varchar(200) NOT NULL,
  `design_files` text,
  `user_won` enum('0','1') DEFAULT '0' COMMENT '1=> Won, 0=> Not Won',
  `won_date` text,
  `created_at` int(11) NOT NULL,
  `updated_at` int(11) NOT NULL
) ENGINE=InnoDB DEFAULT CHARSET=latin1;

--
-- Dumping data for table `contest_proposal`
--

INSERT INTO `contest_proposal` (`id`, `contest_id`, `user_id`, `comment`, `design_files`, `user_won`, `won_date`, `created_at`, `updated_at`) VALUES
(2, 5, 2, 'It is a long established fact that a reader will be distracted by the readable content of a page when looking at its layout. The point of using Lorem Ipsum is that it has a more-or-less normal distrib', 'brina-blum-275955-unsplash - Copy.jpg', '1', '1557819937', 1556898674, 1556898674),
(3, 4, 2, 'The standard chunk of Lorem Ipsum used since the 1500s is reproduced below for those interested. Sections 1.10.32 and 1.10.33 from \"de Finibus Bonorum et Malorum\" by Cicero are also reproduced in thei', 'agathe-marty-660340-unsplash.jpg', '0', NULL, 1556899195, 1556899195),
(4, 5, 4, 'Contrary to popular belief, Lorem Ipsum is not simply random text. ', 'casey-schackow-1143889-unsplash.jpg', '0', NULL, 1557326843, 1557326843),
(5, 8, 2, 'make a proposal by ajeet  ', '45cb7e41c163cd1d951ce401d7c8fcbd.jpg', '0', '1557396906', 1557395696, 1557395696),
(6, 8, 4, 'architect 2  send aperposal', 'dc12736a767313f970aa9d05c601410f.jpg', '0', NULL, 1557396431, 1557396431),
(7, 10, 5, 'This can include anything from drawings, renders, plans, elevations and sections. Anything to convey the idea to the client clearly', 'flock-of-birds-515203_1920.jpg', '1', '1557415066', 1557404064, 1557404064),
(8, 10, 4, 'This can include anything from drawings, renders, plans, elevations and sections. Anything to convey the idea to the client clearly', 'Book1.xls', '0', NULL, 1557405176, 1557405176),
(9, 10, 2, 'This can include anything from drawings, renders, plans, elevations and sections. Anything to convey the idea to the client clearly', 'index.jpg', '0', NULL, 1557407429, 1557407429),
(10, 11, 5, 'This can include anything from drawings, renders, plans, elevations and sections. Anything to convey the idea to the client clearly', 'user.png', '0', NULL, 1557411231, 1557411231),
(11, 13, 4, 'This can include anything from drawings, renders, plans, elevations and sections. Anything to convey the idea to the client clearly', 'sunflowers-1180973_1920.jpg', '0', NULL, 1557491564, 1557491564);

-- --------------------------------------------------------

--
-- Table structure for table `migration`
--

CREATE TABLE `migration` (
  `version` varchar(180) NOT NULL,
  `apply_time` int(11) DEFAULT NULL
) ENGINE=InnoDB DEFAULT CHARSET=latin1;

--
-- Dumping data for table `migration`
--

INSERT INTO `migration` (`version`, `apply_time`) VALUES
('m000000_000000_base', 1555398459),
('m140209_132017_init', 1555398463),
('m140403_174025_create_account_table', 1555398464),
('m140504_113157_update_tables', 1555398466),
('m140504_130429_create_token_table', 1555398467),
('m140830_171933_fix_ip_field', 1555398468),
('m140830_172703_change_account_table_name', 1555398468),
('m141222_110026_update_ip_field', 1555398469),
('m141222_135246_alter_username_length', 1555398469),
('m150614_103145_update_social_account_table', 1555398471),
('m150623_212711_fix_username_notnull', 1555398471),
('m151218_234654_add_timezone_to_profile', 1555398471),
('m160929_103127_add_last_login_at_to_user_table', 1555398472),
('m190412_112342_alter_user_table', 1555415604),
('m190412_112343_alter_profile_table', 1555508545),
('m190416_073928_create_role_table', 1555402914),
('m190416_073929_create_competition', 1555574802),
('m190416_073930_alter_competition', 1555577523);

-- --------------------------------------------------------

--
-- Table structure for table `profile`
--

CREATE TABLE `profile` (
  `user_id` int(11) NOT NULL,
  `name` varchar(255) COLLATE utf8_unicode_ci DEFAULT NULL,
  `public_email` varchar(255) COLLATE utf8_unicode_ci DEFAULT NULL,
  `gravatar_email` varchar(255) COLLATE utf8_unicode_ci DEFAULT NULL,
  `gravatar_id` varchar(32) COLLATE utf8_unicode_ci DEFAULT NULL,
  `location` varchar(255) COLLATE utf8_unicode_ci DEFAULT NULL,
  `website` varchar(255) COLLATE utf8_unicode_ci DEFAULT NULL,
  `bio` text COLLATE utf8_unicode_ci,
  `timezone` varchar(40) COLLATE utf8_unicode_ci DEFAULT NULL,
  `image` text COLLATE utf8_unicode_ci
) ENGINE=InnoDB DEFAULT CHARSET=utf8 COLLATE=utf8_unicode_ci;

--
-- Dumping data for table `profile`
--

INSERT INTO `profile` (`user_id`, `name`, `public_email`, `gravatar_email`, `gravatar_id`, `location`, `website`, `bio`, `timezone`, `image`) VALUES
(1, 'Admin name', '', '', 'd41d8cd98f00b204e9800998ecf8427e', '', '', 'Dummy Content', 'Pacific/Kiritimati', 'profile-image/45cb7e41c163cd1d951ce401d7c8fcbd-1557833087.jpg'),
(2, NULL, NULL, NULL, NULL, NULL, NULL, NULL, NULL, NULL),
(3, '', '', '', 'd41d8cd98f00b204e9800998ecf8427e', '', '', '', 'Pacific/Kiritimati', 'profile-image/dc12736a767313f970aa9d05c601410f-1557394935.jpg'),
(4, NULL, NULL, NULL, NULL, NULL, NULL, NULL, NULL, NULL),
(5, NULL, NULL, NULL, NULL, NULL, NULL, NULL, NULL, NULL),
(6, NULL, NULL, NULL, NULL, NULL, NULL, NULL, NULL, NULL),
(7, 'Alex', 'testmail837@mailinator.com', 'testmail837@mailinator.com', '468f79d11ed9e6f65a97eec1b05f121a', 'New york city', 'https://www.google.com/', 'test', 'America/Sao_Paulo', 'profile-image/robin-944887_1280-1557472493.jpg'),
(8, '', '', '', 'd41d8cd98f00b204e9800998ecf8427e', '', '', '', 'Pacific/Kiritimati', 'profile-image/dc12736a767313f970aa9d05c601410f-1557394572.jpg'),
(9, NULL, NULL, NULL, NULL, NULL, NULL, NULL, NULL, NULL),
(10, NULL, NULL, NULL, NULL, NULL, NULL, NULL, NULL, NULL),
(11, 'Test Name', 'admin@mail.com', 'admin@mail.com', 'edb0e96701c209ab4b50211c856c50c4', 'Noida', '', 'mnbmb', 'Pacific/Kiritimati', 'profile-image/brina-blum-275955-unsplash - Copy-1557931484.jpg');

-- --------------------------------------------------------

--
-- Table structure for table `role`
--

CREATE TABLE `role` (
  `role_id` int(11) NOT NULL,
  `role_name` enum('Admin','Developer','Designer') NOT NULL DEFAULT 'Designer',
  `display_name` varchar(200) DEFAULT NULL,
  `description` varchar(200) NOT NULL
) ENGINE=InnoDB DEFAULT CHARSET=latin1;

--
-- Dumping data for table `role`
--

INSERT INTO `role` (`role_id`, `role_name`, `display_name`, `description`) VALUES
(1, 'Admin', 'Admin', 'This role is for super admin'),
(2, 'Developer', 'Client', 'This role is for normal user'),
(3, 'Designer', 'Architect', 'This role is for Architect');

-- --------------------------------------------------------

--
-- Table structure for table `social_account`
--

CREATE TABLE `social_account` (
  `id` int(11) NOT NULL,
  `user_id` int(11) DEFAULT NULL,
  `provider` varchar(255) COLLATE utf8_unicode_ci NOT NULL,
  `client_id` varchar(255) COLLATE utf8_unicode_ci NOT NULL,
  `data` text COLLATE utf8_unicode_ci,
  `code` varchar(32) COLLATE utf8_unicode_ci DEFAULT NULL,
  `created_at` int(11) DEFAULT NULL,
  `email` varchar(255) COLLATE utf8_unicode_ci DEFAULT NULL,
  `username` varchar(255) COLLATE utf8_unicode_ci DEFAULT NULL
) ENGINE=InnoDB DEFAULT CHARSET=utf8 COLLATE=utf8_unicode_ci;

-- --------------------------------------------------------

--
-- Table structure for table `token`
--

CREATE TABLE `token` (
  `user_id` int(11) NOT NULL,
  `code` varchar(32) COLLATE utf8_unicode_ci NOT NULL,
  `created_at` int(11) NOT NULL,
  `type` smallint(6) NOT NULL
) ENGINE=InnoDB DEFAULT CHARSET=utf8 COLLATE=utf8_unicode_ci;

--
-- Dumping data for table `token`
--

INSERT INTO `token` (`user_id`, `code`, `created_at`, `type`) VALUES
(6, '9kXrq4WURah87OjXbcjZKWO-ij5G9GoZ', 1557390420, 0),
(10, 'AZgehEo-JE__S7vCR5sfP-KL4nEE9jwO', 1557482406, 0),
(11, '-ggmwtuQoq-0LHFTJp8k6e-jJdTCBDUj', 1557931030, 2);

-- --------------------------------------------------------

--
-- Table structure for table `transaction_details`
--

CREATE TABLE `transaction_details` (
  `id` int(11) NOT NULL,
  `contest_id` int(11) NOT NULL,
  `order_id` varchar(1000) NOT NULL DEFAULT '0',
  `transaction_id` varchar(200) NOT NULL,
  `transaction_amount` varchar(200) NOT NULL,
  `payment_status` enum('pending','success') NOT NULL,
  `payment_date` int(11) NOT NULL,
  `paypal_records` text
) ENGINE=InnoDB DEFAULT CHARSET=latin1;

--
-- Dumping data for table `transaction_details`
--

INSERT INTO `transaction_details` (`id`, `contest_id`, `order_id`, `transaction_id`, `transaction_amount`, `payment_status`, `payment_date`, `paypal_records`) VALUES
(1, 1, '9182763121556295238', 'PAYID-LTBS4SA8D56311187698971H', '10.00', 'success', 1556295272, 'PayPal\\Api\\Payment Object\n(\n    [_propMap:PayPal\\Common\\PayPalModel:private] => Array\n        (\n            [id] => PAYID-LTBS4SA8D56311187698971H\n            [intent] => sale\n            [state] => created\n            [cart] => 52C8013726468851X\n            [payer] => PayPal\\Api\\Payer Object\n                (\n                    [_propMap:PayPal\\Common\\PayPalModel:private] => Array\n                        (\n                            [payment_method] => paypal\n                            [status] => VERIFIED\n                            [payer_info] => PayPal\\Api\\PayerInfo Object\n                                (\n                                    [_propMap:PayPal\\Common\\PayPalModel:private] => Array\n                                        (\n                                            [email] => donwithkalnayak-buyer-1@gmail.com\n                                            [first_name] => test\n                                            [last_name] => buyer\n                                            [payer_id] => XJWQD6XJCJ6J8\n                                            [shipping_address] => PayPal\\Api\\ShippingAddress Object\n                                                (\n                                                    [_propMap:PayPal\\Common\\PayPalModel:private] => Array\n                                                        (\n                                                            [recipient_name] => test buyer\n                                                            [line1] => 1 Main St\n                                                            [city] => San Jose\n                                                            [state] => CA\n                                                            [postal_code] => 95131\n                                                            [country_code] => US\n                                                        )\n\n                                                )\n\n                                            [country_code] => US\n                                        )\n\n                                )\n\n                        )\n\n                )\n\n            [transactions] => Array\n                (\n                    [0] => PayPal\\Api\\Transaction Object\n                        (\n                            [_propMap:PayPal\\Common\\PayPalModel:private] => Array\n                                (\n                                    [amount] => PayPal\\Api\\Amount Object\n                                        (\n                                            [_propMap:PayPal\\Common\\PayPalModel:private] => Array\n                                                (\n                                                    [total] => 10.00\n                                                    [currency] => USD\n                                                    [details] => PayPal\\Api\\Details Object\n                                                        (\n                                                            [_propMap:PayPal\\Common\\PayPalModel:private] => Array\n                                                                (\n                                                                    [subtotal] => 10.00\n                                                                    [shipping] => 0.00\n                                                                )\n\n                                                        )\n\n                                                )\n\n                                        )\n\n                                    [payee] => PayPal\\Api\\Payee Object\n                                        (\n                                            [_propMap:PayPal\\Common\\PayPalModel:private] => Array\n                                                (\n                                                    [merchant_id] => J5BFQ6TUHHJX8\n                                                    [email] => donwithkalnayak-facilitator@gmail.com\n                                                )\n\n                                        )\n\n                                    [description] => Test payment||1||9182763121556295238\n                                    [invoice_number] => 5cc32e46c27f4\n                                    [item_list] => PayPal\\Api\\ItemList Object\n                                        (\n                                            [_propMap:PayPal\\Common\\PayPalModel:private] => Array\n                                                (\n                                                    [items] => Array\n                                                        (\n                                                            [0] => PayPal\\Api\\Item Object\n                                                                (\n                                                                    [_propMap:PayPal\\Common\\PayPalModel:private] => Array\n                                                                        (\n                                                                            [name] => Item one\n                                                                            [price] => 5.00\n                                                                            [currency] => USD\n                                                                            [quantity] => 1\n                                                                        )\n\n                                                                )\n\n                                                            [1] => PayPal\\Api\\Item Object\n                                                                (\n                                                                    [_propMap:PayPal\\Common\\PayPalModel:private] => Array\n                                                                        (\n                                                                            [name] => Item two\n                                                                            [price] => 5.00\n                                                                            [currency] => USD\n                                                                            [quantity] => 1\n                                                                        )\n\n                                                                )\n\n                                                        )\n\n                                                    [shipping_address] => PayPal\\Api\\ShippingAddress Object\n                                                        (\n                                                            [_propMap:PayPal\\Common\\PayPalModel:private] => Array\n                                                                (\n                                                                    [recipient_name] => test buyer\n                                                                    [line1] => 1 Main St\n                                                                    [city] => San Jose\n                                                                    [state] => CA\n                                                                    [postal_code] => 95131\n                                                                    [country_code] => US\n                                                                )\n\n                                                        )\n\n                                                )\n\n                                        )\n\n                                    [related_resources] => Array\n                                        (\n                                        )\n\n                                )\n\n                        )\n\n                )\n\n            [redirect_urls] => PayPal\\Api\\RedirectUrls Object\n                (\n                    [_propMap:PayPal\\Common\\PayPalModel:private] => Array\n                        (\n                            [return_url] => http://arkotte.com/demo/contest/success?success=true&paymentId=PAYID-LTBS4SA8D56311187698971H\n                            [cancel_url] => http://arkotte.com/demo/contest/success?success=false\n                        )\n\n                )\n\n            [create_time] => 2019-04-26T16:13:59Z\n            [update_time] => 2019-04-26T16:14:31Z\n            [links] => Array\n                (\n                    [0] => PayPal\\Api\\Links Object\n                        (\n                            [_propMap:PayPal\\Common\\PayPalModel:private] => Array\n                                (\n                                    [href] => https://api.sandbox.paypal.com/v1/payments/payment/PAYID-LTBS4SA8D56311187698971H\n                                    [rel] => self\n                                    [method] => GET\n                                )\n\n                        )\n\n                    [1] => PayPal\\Api\\Links Object\n                        (\n                            [_propMap:PayPal\\Common\\PayPalModel:private] => Array\n                                (\n                                    [href] => https://api.sandbox.paypal.com/v1/payments/payment/PAYID-LTBS4SA8D56311187698971H/execute\n                                    [rel] => execute\n                                    [method] => POST\n                                )\n\n                        )\n\n                    [2] => PayPal\\Api\\Links Object\n                        (\n                            [_propMap:PayPal\\Common\\PayPalModel:private] => Array\n                                (\n                                    [href] => https://www.sandbox.paypal.com/cgi-bin/webscr?cmd=_express-checkout&token=EC-52C8013726468851X\n                                    [rel] => approval_url\n                                    [method] => REDIRECT\n                                )\n\n                        )\n\n                )\n\n        )\n\n)\n'),
(2, 2, '6258042321556550638', 'PAYID-LTDRH3Y3P855567633357101', '10.00', 'success', 1556550674, 'PayPal\\Api\\Payment Object\n(\n    [_propMap:PayPal\\Common\\PayPalModel:private] => Array\n        (\n            [id] => PAYID-LTDRH3Y3P855567633357101\n            [intent] => sale\n            [state] => created\n            [cart] => 7XX24274U3576702G\n            [payer] => PayPal\\Api\\Payer Object\n                (\n                    [_propMap:PayPal\\Common\\PayPalModel:private] => Array\n                        (\n                            [payment_method] => paypal\n                            [status] => VERIFIED\n                            [payer_info] => PayPal\\Api\\PayerInfo Object\n                                (\n                                    [_propMap:PayPal\\Common\\PayPalModel:private] => Array\n                                        (\n                                            [email] => donwithkalnayak-buyer-1@gmail.com\n                                            [first_name] => test\n                                            [last_name] => buyer\n                                            [payer_id] => XJWQD6XJCJ6J8\n                                            [shipping_address] => PayPal\\Api\\ShippingAddress Object\n                                                (\n                                                    [_propMap:PayPal\\Common\\PayPalModel:private] => Array\n                                                        (\n                                                            [recipient_name] => test buyer\n                                                            [line1] => 1 Main St\n                                                            [city] => San Jose\n                                                            [state] => CA\n                                                            [postal_code] => 95131\n                                                            [country_code] => US\n                                                        )\n\n                                                )\n\n                                            [country_code] => US\n                                        )\n\n                                )\n\n                        )\n\n                )\n\n            [transactions] => Array\n                (\n                    [0] => PayPal\\Api\\Transaction Object\n                        (\n                            [_propMap:PayPal\\Common\\PayPalModel:private] => Array\n                                (\n                                    [amount] => PayPal\\Api\\Amount Object\n                                        (\n                                            [_propMap:PayPal\\Common\\PayPalModel:private] => Array\n                                                (\n                                                    [total] => 10.00\n                                                    [currency] => USD\n                                                    [details] => PayPal\\Api\\Details Object\n                                                        (\n                                                            [_propMap:PayPal\\Common\\PayPalModel:private] => Array\n                                                                (\n                                                                    [subtotal] => 10.00\n                                                                    [shipping] => 0.00\n                                                                )\n\n                                                        )\n\n                                                )\n\n                                        )\n\n                                    [payee] => PayPal\\Api\\Payee Object\n                                        (\n                                            [_propMap:PayPal\\Common\\PayPalModel:private] => Array\n                                                (\n                                                    [merchant_id] => J5BFQ6TUHHJX8\n                                                    [email] => donwithkalnayak-facilitator@gmail.com\n                                                )\n\n                                        )\n\n                                    [description] => Test payment||2||6258042321556550638\n                                    [invoice_number] => 5cc713ee1759a\n                                    [item_list] => PayPal\\Api\\ItemList Object\n                                        (\n                                            [_propMap:PayPal\\Common\\PayPalModel:private] => Array\n                                                (\n                                                    [items] => Array\n                                                        (\n                                                            [0] => PayPal\\Api\\Item Object\n                                                                (\n                                                                    [_propMap:PayPal\\Common\\PayPalModel:private] => Array\n                                                                        (\n                                                                            [name] => Item one\n                                                                            [price] => 5.00\n                                                                            [currency] => USD\n                                                                            [quantity] => 1\n                                                                        )\n\n                                                                )\n\n                                                            [1] => PayPal\\Api\\Item Object\n                                                                (\n                                                                    [_propMap:PayPal\\Common\\PayPalModel:private] => Array\n                                                                        (\n                                                                            [name] => Item two\n                                                                            [price] => 5.00\n                                                                            [currency] => USD\n                                                                            [quantity] => 1\n                                                                        )\n\n                                                                )\n\n                                                        )\n\n                                                    [shipping_address] => PayPal\\Api\\ShippingAddress Object\n                                                        (\n                                                            [_propMap:PayPal\\Common\\PayPalModel:private] => Array\n                                                                (\n                                                                    [recipient_name] => test buyer\n                                                                    [line1] => 1 Main St\n                                                                    [city] => San Jose\n                                                                    [state] => CA\n                                                                    [postal_code] => 95131\n                                                                    [country_code] => US\n                                                                )\n\n                                                        )\n\n                                                )\n\n                                        )\n\n                                    [related_resources] => Array\n                                        (\n                                        )\n\n                                )\n\n                        )\n\n                )\n\n            [redirect_urls] => PayPal\\Api\\RedirectUrls Object\n                (\n                    [_propMap:PayPal\\Common\\PayPalModel:private] => Array\n                        (\n                            [return_url] => http://arkotte.com/demo/contest/success?success=true&paymentId=PAYID-LTDRH3Y3P855567633357101\n                            [cancel_url] => http://arkotte.com/demo/contest/success?success=false\n                        )\n\n                )\n\n            [create_time] => 2019-04-29T15:10:39Z\n            [update_time] => 2019-04-29T15:11:13Z\n            [links] => Array\n                (\n                    [0] => PayPal\\Api\\Links Object\n                        (\n                            [_propMap:PayPal\\Common\\PayPalModel:private] => Array\n                                (\n                                    [href] => https://api.sandbox.paypal.com/v1/payments/payment/PAYID-LTDRH3Y3P855567633357101\n                                    [rel] => self\n                                    [method] => GET\n                                )\n\n                        )\n\n                    [1] => PayPal\\Api\\Links Object\n                        (\n                            [_propMap:PayPal\\Common\\PayPalModel:private] => Array\n                                (\n                                    [href] => https://api.sandbox.paypal.com/v1/payments/payment/PAYID-LTDRH3Y3P855567633357101/execute\n                                    [rel] => execute\n                                    [method] => POST\n                                )\n\n                        )\n\n                    [2] => PayPal\\Api\\Links Object\n                        (\n                            [_propMap:PayPal\\Common\\PayPalModel:private] => Array\n                                (\n                                    [href] => https://www.sandbox.paypal.com/cgi-bin/webscr?cmd=_express-checkout&token=EC-7XX24274U3576702G\n                                    [rel] => approval_url\n                                    [method] => REDIRECT\n                                )\n\n                        )\n\n                )\n\n        )\n\n)\n'),
(3, 4, '4428450321556616461', 'PAYID-LTEBKDQ4UK1176394681002D', '10.00', 'success', 1556616665, 'PayPal\\Api\\Payment Object\n(\n    [_propMap:PayPal\\Common\\PayPalModel:private] => Array\n        (\n            [id] => PAYID-LTEBKDQ4UK1176394681002D\n            [intent] => sale\n            [state] => created\n            [cart] => 7KY19861P9880340E\n            [payer] => PayPal\\Api\\Payer Object\n                (\n                    [_propMap:PayPal\\Common\\PayPalModel:private] => Array\n                        (\n                            [payment_method] => paypal\n                            [status] => VERIFIED\n                            [payer_info] => PayPal\\Api\\PayerInfo Object\n                                (\n                                    [_propMap:PayPal\\Common\\PayPalModel:private] => Array\n                                        (\n                                            [email] => donwithkalnayak-buyer-1@gmail.com\n                                            [first_name] => test\n                                            [last_name] => buyer\n                                            [payer_id] => XJWQD6XJCJ6J8\n                                            [shipping_address] => PayPal\\Api\\ShippingAddress Object\n                                                (\n                                                    [_propMap:PayPal\\Common\\PayPalModel:private] => Array\n                                                        (\n                                                            [recipient_name] => test buyer\n                                                            [line1] => 1 Main St\n                                                            [city] => San Jose\n                                                            [state] => CA\n                                                            [postal_code] => 95131\n                                                            [country_code] => US\n                                                        )\n\n                                                )\n\n                                            [country_code] => US\n                                        )\n\n                                )\n\n                        )\n\n                )\n\n            [transactions] => Array\n                (\n                    [0] => PayPal\\Api\\Transaction Object\n                        (\n                            [_propMap:PayPal\\Common\\PayPalModel:private] => Array\n                                (\n                                    [amount] => PayPal\\Api\\Amount Object\n                                        (\n                                            [_propMap:PayPal\\Common\\PayPalModel:private] => Array\n                                                (\n                                                    [total] => 10.00\n                                                    [currency] => USD\n                                                    [details] => PayPal\\Api\\Details Object\n                                                        (\n                                                            [_propMap:PayPal\\Common\\PayPalModel:private] => Array\n                                                                (\n                                                                    [subtotal] => 10.00\n                                                                    [shipping] => 0.00\n                                                                )\n\n                                                        )\n\n                                                )\n\n                                        )\n\n                                    [payee] => PayPal\\Api\\Payee Object\n                                        (\n                                            [_propMap:PayPal\\Common\\PayPalModel:private] => Array\n                                                (\n                                                    [merchant_id] => J5BFQ6TUHHJX8\n                                                    [email] => donwithkalnayak-facilitator@gmail.com\n                                                )\n\n                                        )\n\n                                    [description] => Test payment||4||4428450321556616461\n                                    [invoice_number] => 5cc8150d46afa\n                                    [item_list] => PayPal\\Api\\ItemList Object\n                                        (\n                                            [_propMap:PayPal\\Common\\PayPalModel:private] => Array\n                                                (\n                                                    [items] => Array\n                                                        (\n                                                            [0] => PayPal\\Api\\Item Object\n                                                                (\n                                                                    [_propMap:PayPal\\Common\\PayPalModel:private] => Array\n                                                                        (\n                                                                            [name] => Item one\n                                                                            [price] => 5.00\n                                                                            [currency] => USD\n                                                                            [quantity] => 1\n                                                                        )\n\n                                                                )\n\n                                                            [1] => PayPal\\Api\\Item Object\n                                                                (\n                                                                    [_propMap:PayPal\\Common\\PayPalModel:private] => Array\n                                                                        (\n                                                                            [name] => Item two\n                                                                            [price] => 5.00\n                                                                            [currency] => USD\n                                                                            [quantity] => 1\n                                                                        )\n\n                                                                )\n\n                                                        )\n\n                                                    [shipping_address] => PayPal\\Api\\ShippingAddress Object\n                                                        (\n                                                            [_propMap:PayPal\\Common\\PayPalModel:private] => Array\n                                                                (\n                                                                    [recipient_name] => test buyer\n                                                                    [line1] => 1 Main St\n                                                                    [city] => San Jose\n                                                                    [state] => CA\n                                                                    [postal_code] => 95131\n                                                                    [country_code] => US\n                                                                )\n\n                                                        )\n\n                                                )\n\n                                        )\n\n                                    [related_resources] => Array\n                                        (\n                                        )\n\n                                )\n\n                        )\n\n                )\n\n            [redirect_urls] => PayPal\\Api\\RedirectUrls Object\n                (\n                    [_propMap:PayPal\\Common\\PayPalModel:private] => Array\n                        (\n                            [return_url] => http://arkotte.com/demo/contest/success?success=true&paymentId=PAYID-LTEBKDQ4UK1176394681002D\n                            [cancel_url] => http://arkotte.com/demo/contest/success?success=false\n                        )\n\n                )\n\n            [create_time] => 2019-04-30T09:27:42Z\n            [update_time] => 2019-04-30T09:31:05Z\n            [links] => Array\n                (\n                    [0] => PayPal\\Api\\Links Object\n                        (\n                            [_propMap:PayPal\\Common\\PayPalModel:private] => Array\n                                (\n                                    [href] => https://api.sandbox.paypal.com/v1/payments/payment/PAYID-LTEBKDQ4UK1176394681002D\n                                    [rel] => self\n                                    [method] => GET\n                                )\n\n                        )\n\n                    [1] => PayPal\\Api\\Links Object\n                        (\n                            [_propMap:PayPal\\Common\\PayPalModel:private] => Array\n                                (\n                                    [href] => https://api.sandbox.paypal.com/v1/payments/payment/PAYID-LTEBKDQ4UK1176394681002D/execute\n                                    [rel] => execute\n                                    [method] => POST\n                                )\n\n                        )\n\n                    [2] => PayPal\\Api\\Links Object\n                        (\n                            [_propMap:PayPal\\Common\\PayPalModel:private] => Array\n                                (\n                                    [href] => https://www.sandbox.paypal.com/cgi-bin/webscr?cmd=_express-checkout&token=EC-7KY19861P9880340E\n                                    [rel] => approval_url\n                                    [method] => REDIRECT\n                                )\n\n                        )\n\n                )\n\n        )\n\n)\n'),
(4, 6, '2720669931557325985', 'PAYID-LTJORIY8G071568EV510492S', '799.00', 'success', 1557326013, 'PayPal\\Api\\Payment Object\n(\n    [_propMap:PayPal\\Common\\PayPalModel:private] => Array\n        (\n            [id] => PAYID-LTJORIY8G071568EV510492S\n            [intent] => sale\n            [state] => created\n            [cart] => 52121544CF088225M\n            [payer] => PayPal\\Api\\Payer Object\n                (\n                    [_propMap:PayPal\\Common\\PayPalModel:private] => Array\n                        (\n                            [payment_method] => paypal\n                            [status] => VERIFIED\n                            [payer_info] => PayPal\\Api\\PayerInfo Object\n                                (\n                                    [_propMap:PayPal\\Common\\PayPalModel:private] => Array\n                                        (\n                                            [email] => donwithkalnayak-buyer-1@gmail.com\n                                            [first_name] => test\n                                            [last_name] => buyer\n                                            [payer_id] => XJWQD6XJCJ6J8\n                                            [shipping_address] => PayPal\\Api\\ShippingAddress Object\n                                                (\n                                                    [_propMap:PayPal\\Common\\PayPalModel:private] => Array\n                                                        (\n                                                            [recipient_name] => test buyer\n                                                            [line1] => 1 Main St\n                                                            [city] => San Jose\n                                                            [state] => CA\n                                                            [postal_code] => 95131\n                                                            [country_code] => US\n                                                        )\n\n                                                )\n\n                                            [country_code] => US\n                                        )\n\n                                )\n\n                        )\n\n                )\n\n            [transactions] => Array\n                (\n                    [0] => PayPal\\Api\\Transaction Object\n                        (\n                            [_propMap:PayPal\\Common\\PayPalModel:private] => Array\n                                (\n                                    [amount] => PayPal\\Api\\Amount Object\n                                        (\n                                            [_propMap:PayPal\\Common\\PayPalModel:private] => Array\n                                                (\n                                                    [total] => 799.00\n                                                    [currency] => USD\n                                                    [details] => PayPal\\Api\\Details Object\n                                                        (\n                                                            [_propMap:PayPal\\Common\\PayPalModel:private] => Array\n                                                                (\n                                                                    [subtotal] => 799.00\n                                                                    [shipping] => 0.00\n                                                                )\n\n                                                        )\n\n                                                )\n\n                                        )\n\n                                    [payee] => PayPal\\Api\\Payee Object\n                                        (\n                                            [_propMap:PayPal\\Common\\PayPalModel:private] => Array\n                                                (\n                                                    [merchant_id] => J5BFQ6TUHHJX8\n                                                    [email] => donwithkalnayak-facilitator@gmail.com\n                                                )\n\n                                        )\n\n                                    [description] => Design packages||6||2720669931557325985\n                                    [invoice_number] => 5cd2e8a197e0a\n                                    [item_list] => PayPal\\Api\\ItemList Object\n                                        (\n                                            [_propMap:PayPal\\Common\\PayPalModel:private] => Array\n                                                (\n                                                    [items] => Array\n                                                        (\n                                                            [0] => PayPal\\Api\\Item Object\n                                                                (\n                                                                    [_propMap:PayPal\\Common\\PayPalModel:private] => Array\n                                                                        (\n                                                                            [name] => Design packages\n                                                                            [price] => 799.00\n                                                                            [currency] => USD\n                                                                            [quantity] => 1\n                                                                        )\n\n                                                                )\n\n                                                        )\n\n                                                    [shipping_address] => PayPal\\Api\\ShippingAddress Object\n                                                        (\n                                                            [_propMap:PayPal\\Common\\PayPalModel:private] => Array\n                                                                (\n                                                                    [recipient_name] => test buyer\n                                                                    [line1] => 1 Main St\n                                                                    [city] => San Jose\n                                                                    [state] => CA\n                                                                    [postal_code] => 95131\n                                                                    [country_code] => US\n                                                                )\n\n                                                        )\n\n                                                )\n\n                                        )\n\n                                    [related_resources] => Array\n                                        (\n                                        )\n\n                                )\n\n                        )\n\n                )\n\n            [redirect_urls] => PayPal\\Api\\RedirectUrls Object\n                (\n                    [_propMap:PayPal\\Common\\PayPalModel:private] => Array\n                        (\n                            [return_url] => http://arkotte.com/contest/success?success=true&paymentId=PAYID-LTJORIY8G071568EV510492S\n                            [cancel_url] => http://arkotte.com/contest/success?success=false\n                        )\n\n                )\n\n            [create_time] => 2019-05-08T14:33:06Z\n            [update_time] => 2019-05-08T14:33:32Z\n            [links] => Array\n                (\n                    [0] => PayPal\\Api\\Links Object\n                        (\n                            [_propMap:PayPal\\Common\\PayPalModel:private] => Array\n                                (\n                                    [href] => https://api.sandbox.paypal.com/v1/payments/payment/PAYID-LTJORIY8G071568EV510492S\n                                    [rel] => self\n                                    [method] => GET\n                                )\n\n                        )\n\n                    [1] => PayPal\\Api\\Links Object\n                        (\n                            [_propMap:PayPal\\Common\\PayPalModel:private] => Array\n                                (\n                                    [href] => https://api.sandbox.paypal.com/v1/payments/payment/PAYID-LTJORIY8G071568EV510492S/execute\n                                    [rel] => execute\n                                    [method] => POST\n                                )\n\n                        )\n\n                    [2] => PayPal\\Api\\Links Object\n                        (\n                            [_propMap:PayPal\\Common\\PayPalModel:private] => Array\n                                (\n                                    [href] => https://www.sandbox.paypal.com/cgi-bin/webscr?cmd=_express-checkout&token=EC-52121544CF088225M\n                                    [rel] => approval_url\n                                    [method] => REDIRECT\n                                )\n\n                        )\n\n                )\n\n        )\n\n)\n'),
(5, 7, '3081176281557394506', 'PAYID-LTJ7ITA0RE47418LS593372L', '799.00', 'success', 1557394535, 'PayPal\\Api\\Payment Object\n(\n    [_propMap:PayPal\\Common\\PayPalModel:private] => Array\n        (\n            [id] => PAYID-LTJ7ITA0RE47418LS593372L\n            [intent] => sale\n            [state] => created\n            [cart] => 1RA40251S8201314B\n            [payer] => PayPal\\Api\\Payer Object\n                (\n                    [_propMap:PayPal\\Common\\PayPalModel:private] => Array\n                        (\n                            [payment_method] => paypal\n                            [status] => VERIFIED\n                            [payer_info] => PayPal\\Api\\PayerInfo Object\n                                (\n                                    [_propMap:PayPal\\Common\\PayPalModel:private] => Array\n                                        (\n                                            [email] => donwithkalnayak-buyer-1@gmail.com\n                                            [first_name] => test\n                                            [last_name] => buyer\n                                            [payer_id] => XJWQD6XJCJ6J8\n                                            [shipping_address] => PayPal\\Api\\ShippingAddress Object\n                                                (\n                                                    [_propMap:PayPal\\Common\\PayPalModel:private] => Array\n                                                        (\n                                                            [recipient_name] => test buyer\n                                                            [line1] => 1 Main St\n                                                            [city] => San Jose\n                                                            [state] => CA\n                                                            [postal_code] => 95131\n                                                            [country_code] => US\n                                                        )\n\n                                                )\n\n                                            [country_code] => US\n                                        )\n\n                                )\n\n                        )\n\n                )\n\n            [transactions] => Array\n                (\n                    [0] => PayPal\\Api\\Transaction Object\n                        (\n                            [_propMap:PayPal\\Common\\PayPalModel:private] => Array\n                                (\n                                    [amount] => PayPal\\Api\\Amount Object\n                                        (\n                                            [_propMap:PayPal\\Common\\PayPalModel:private] => Array\n                                                (\n                                                    [total] => 799.00\n                                                    [currency] => USD\n                                                    [details] => PayPal\\Api\\Details Object\n                                                        (\n                                                            [_propMap:PayPal\\Common\\PayPalModel:private] => Array\n                                                                (\n                                                                    [subtotal] => 799.00\n                                                                    [shipping] => 0.00\n                                                                )\n\n                                                        )\n\n                                                )\n\n                                        )\n\n                                    [payee] => PayPal\\Api\\Payee Object\n                                        (\n                                            [_propMap:PayPal\\Common\\PayPalModel:private] => Array\n                                                (\n                                                    [merchant_id] => J5BFQ6TUHHJX8\n                                                    [email] => donwithkalnayak-facilitator@gmail.com\n                                                )\n\n                                        )\n\n                                    [description] => Design packages||7||3081176281557394506\n                                    [invoice_number] => 5cd3f44a9fe0f\n                                    [item_list] => PayPal\\Api\\ItemList Object\n                                        (\n                                            [_propMap:PayPal\\Common\\PayPalModel:private] => Array\n                                                (\n                                                    [items] => Array\n                                                        (\n                                                            [0] => PayPal\\Api\\Item Object\n                                                                (\n                                                                    [_propMap:PayPal\\Common\\PayPalModel:private] => Array\n                                                                        (\n                                                                            [name] => Design packages\n                                                                            [price] => 799.00\n                                                                            [currency] => USD\n                                                                            [quantity] => 1\n                                                                        )\n\n                                                                )\n\n                                                        )\n\n                                                    [shipping_address] => PayPal\\Api\\ShippingAddress Object\n                                                        (\n                                                            [_propMap:PayPal\\Common\\PayPalModel:private] => Array\n                                                                (\n                                                                    [recipient_name] => test buyer\n                                                                    [line1] => 1 Main St\n                                                                    [city] => San Jose\n                                                                    [state] => CA\n                                                                    [postal_code] => 95131\n                                                                    [country_code] => US\n                                                                )\n\n                                                        )\n\n                                                )\n\n                                        )\n\n                                    [related_resources] => Array\n                                        (\n                                        )\n\n                                )\n\n                        )\n\n                )\n\n            [redirect_urls] => PayPal\\Api\\RedirectUrls Object\n                (\n                    [_propMap:PayPal\\Common\\PayPalModel:private] => Array\n                        (\n                            [return_url] => http://arkotte.com/contest/success?success=true&paymentId=PAYID-LTJ7ITA0RE47418LS593372L\n                            [cancel_url] => http://arkotte.com/contest/success?success=false\n                        )\n\n                )\n\n            [create_time] => 2019-05-09T09:35:07Z\n            [update_time] => 2019-05-09T09:35:34Z\n            [links] => Array\n                (\n                    [0] => PayPal\\Api\\Links Object\n                        (\n                            [_propMap:PayPal\\Common\\PayPalModel:private] => Array\n                                (\n                                    [href] => https://api.sandbox.paypal.com/v1/payments/payment/PAYID-LTJ7ITA0RE47418LS593372L\n                                    [rel] => self\n                                    [method] => GET\n                                )\n\n                        )\n\n                    [1] => PayPal\\Api\\Links Object\n                        (\n                            [_propMap:PayPal\\Common\\PayPalModel:private] => Array\n                                (\n                                    [href] => https://api.sandbox.paypal.com/v1/payments/payment/PAYID-LTJ7ITA0RE47418LS593372L/execute\n                                    [rel] => execute\n                                    [method] => POST\n                                )\n\n                        )\n\n                    [2] => PayPal\\Api\\Links Object\n                        (\n                            [_propMap:PayPal\\Common\\PayPalModel:private] => Array\n                                (\n                                    [href] => https://www.sandbox.paypal.com/cgi-bin/webscr?cmd=_express-checkout&token=EC-1RA40251S8201314B\n                                    [rel] => approval_url\n                                    [method] => REDIRECT\n                                )\n\n                        )\n\n                )\n\n        )\n\n)\n');
INSERT INTO `transaction_details` (`id`, `contest_id`, `order_id`, `transaction_id`, `transaction_amount`, `payment_status`, `payment_date`, `paypal_records`) VALUES
(6, 8, '610564681557395477', 'PAYID-LTJ7QFQ9JS35595SV708033H', '799.00', 'success', 1557395501, 'PayPal\\Api\\Payment Object\n(\n    [_propMap:PayPal\\Common\\PayPalModel:private] => Array\n        (\n            [id] => PAYID-LTJ7QFQ9JS35595SV708033H\n            [intent] => sale\n            [state] => created\n            [cart] => 7TR02978X64048049\n            [payer] => PayPal\\Api\\Payer Object\n                (\n                    [_propMap:PayPal\\Common\\PayPalModel:private] => Array\n                        (\n                            [payment_method] => paypal\n                            [status] => VERIFIED\n                            [payer_info] => PayPal\\Api\\PayerInfo Object\n                                (\n                                    [_propMap:PayPal\\Common\\PayPalModel:private] => Array\n                                        (\n                                            [email] => donwithkalnayak-buyer-1@gmail.com\n                                            [first_name] => test\n                                            [last_name] => buyer\n                                            [payer_id] => XJWQD6XJCJ6J8\n                                            [shipping_address] => PayPal\\Api\\ShippingAddress Object\n                                                (\n                                                    [_propMap:PayPal\\Common\\PayPalModel:private] => Array\n                                                        (\n                                                            [recipient_name] => test buyer\n                                                            [line1] => 1 Main St\n                                                            [city] => San Jose\n                                                            [state] => CA\n                                                            [postal_code] => 95131\n                                                            [country_code] => US\n                                                        )\n\n                                                )\n\n                                            [country_code] => US\n                                        )\n\n                                )\n\n                        )\n\n                )\n\n            [transactions] => Array\n                (\n                    [0] => PayPal\\Api\\Transaction Object\n                        (\n                            [_propMap:PayPal\\Common\\PayPalModel:private] => Array\n                                (\n                                    [amount] => PayPal\\Api\\Amount Object\n                                        (\n                                            [_propMap:PayPal\\Common\\PayPalModel:private] => Array\n                                                (\n                                                    [total] => 799.00\n                                                    [currency] => USD\n                                                    [details] => PayPal\\Api\\Details Object\n                                                        (\n                                                            [_propMap:PayPal\\Common\\PayPalModel:private] => Array\n                                                                (\n                                                                    [subtotal] => 799.00\n                                                                    [shipping] => 0.00\n                                                                )\n\n                                                        )\n\n                                                )\n\n                                        )\n\n                                    [payee] => PayPal\\Api\\Payee Object\n                                        (\n                                            [_propMap:PayPal\\Common\\PayPalModel:private] => Array\n                                                (\n                                                    [merchant_id] => J5BFQ6TUHHJX8\n                                                    [email] => donwithkalnayak-facilitator@gmail.com\n                                                )\n\n                                        )\n\n                                    [description] => Design packages||8||610564681557395477\n                                    [invoice_number] => 5cd3f81534a27\n                                    [item_list] => PayPal\\Api\\ItemList Object\n                                        (\n                                            [_propMap:PayPal\\Common\\PayPalModel:private] => Array\n                                                (\n                                                    [items] => Array\n                                                        (\n                                                            [0] => PayPal\\Api\\Item Object\n                                                                (\n                                                                    [_propMap:PayPal\\Common\\PayPalModel:private] => Array\n                                                                        (\n                                                                            [name] => Design packages\n                                                                            [price] => 799.00\n                                                                            [currency] => USD\n                                                                            [quantity] => 1\n                                                                        )\n\n                                                                )\n\n                                                        )\n\n                                                    [shipping_address] => PayPal\\Api\\ShippingAddress Object\n                                                        (\n                                                            [_propMap:PayPal\\Common\\PayPalModel:private] => Array\n                                                                (\n                                                                    [recipient_name] => test buyer\n                                                                    [line1] => 1 Main St\n                                                                    [city] => San Jose\n                                                                    [state] => CA\n                                                                    [postal_code] => 95131\n                                                                    [country_code] => US\n                                                                )\n\n                                                        )\n\n                                                )\n\n                                        )\n\n                                    [related_resources] => Array\n                                        (\n                                        )\n\n                                )\n\n                        )\n\n                )\n\n            [redirect_urls] => PayPal\\Api\\RedirectUrls Object\n                (\n                    [_propMap:PayPal\\Common\\PayPalModel:private] => Array\n                        (\n                            [return_url] => http://arkotte.com/contest/success?success=true&paymentId=PAYID-LTJ7QFQ9JS35595SV708033H\n                            [cancel_url] => http://arkotte.com/contest/success?success=false\n                        )\n\n                )\n\n            [create_time] => 2019-05-09T09:51:17Z\n            [update_time] => 2019-05-09T09:51:41Z\n            [links] => Array\n                (\n                    [0] => PayPal\\Api\\Links Object\n                        (\n                            [_propMap:PayPal\\Common\\PayPalModel:private] => Array\n                                (\n                                    [href] => https://api.sandbox.paypal.com/v1/payments/payment/PAYID-LTJ7QFQ9JS35595SV708033H\n                                    [rel] => self\n                                    [method] => GET\n                                )\n\n                        )\n\n                    [1] => PayPal\\Api\\Links Object\n                        (\n                            [_propMap:PayPal\\Common\\PayPalModel:private] => Array\n                                (\n                                    [href] => https://api.sandbox.paypal.com/v1/payments/payment/PAYID-LTJ7QFQ9JS35595SV708033H/execute\n                                    [rel] => execute\n                                    [method] => POST\n                                )\n\n                        )\n\n                    [2] => PayPal\\Api\\Links Object\n                        (\n                            [_propMap:PayPal\\Common\\PayPalModel:private] => Array\n                                (\n                                    [href] => https://www.sandbox.paypal.com/cgi-bin/webscr?cmd=_express-checkout&token=EC-7TR02978X64048049\n                                    [rel] => approval_url\n                                    [method] => REDIRECT\n                                )\n\n                        )\n\n                )\n\n        )\n\n)\n'),
(7, 9, '6419397851557398720', 'PAYID-LTKAJQI62979540EH638024G', '799.00', 'success', 1557399411, 'PayPal\\Api\\Payment Object\n(\n    [_propMap:PayPal\\Common\\PayPalModel:private] => Array\n        (\n            [id] => PAYID-LTKAJQI62979540EH638024G\n            [intent] => sale\n            [state] => created\n            [cart] => 2DX01546622421206\n            [payer] => PayPal\\Api\\Payer Object\n                (\n                    [_propMap:PayPal\\Common\\PayPalModel:private] => Array\n                        (\n                            [payment_method] => paypal\n                            [status] => VERIFIED\n                            [payer_info] => PayPal\\Api\\PayerInfo Object\n                                (\n                                    [_propMap:PayPal\\Common\\PayPalModel:private] => Array\n                                        (\n                                            [email] => donwithkalnayak-buyer-1@gmail.com\n                                            [first_name] => test\n                                            [last_name] => buyer\n                                            [payer_id] => XJWQD6XJCJ6J8\n                                            [shipping_address] => PayPal\\Api\\ShippingAddress Object\n                                                (\n                                                    [_propMap:PayPal\\Common\\PayPalModel:private] => Array\n                                                        (\n                                                            [recipient_name] => test buyer\n                                                            [line1] => 1 Main St\n                                                            [city] => San Jose\n                                                            [state] => CA\n                                                            [postal_code] => 95131\n                                                            [country_code] => US\n                                                        )\n\n                                                )\n\n                                            [country_code] => US\n                                        )\n\n                                )\n\n                        )\n\n                )\n\n            [transactions] => Array\n                (\n                    [0] => PayPal\\Api\\Transaction Object\n                        (\n                            [_propMap:PayPal\\Common\\PayPalModel:private] => Array\n                                (\n                                    [amount] => PayPal\\Api\\Amount Object\n                                        (\n                                            [_propMap:PayPal\\Common\\PayPalModel:private] => Array\n                                                (\n                                                    [total] => 799.00\n                                                    [currency] => USD\n                                                    [details] => PayPal\\Api\\Details Object\n                                                        (\n                                                            [_propMap:PayPal\\Common\\PayPalModel:private] => Array\n                                                                (\n                                                                    [subtotal] => 799.00\n                                                                    [shipping] => 0.00\n                                                                )\n\n                                                        )\n\n                                                )\n\n                                        )\n\n                                    [payee] => PayPal\\Api\\Payee Object\n                                        (\n                                            [_propMap:PayPal\\Common\\PayPalModel:private] => Array\n                                                (\n                                                    [merchant_id] => J5BFQ6TUHHJX8\n                                                    [email] => donwithkalnayak-facilitator@gmail.com\n                                                )\n\n                                        )\n\n                                    [description] => Design packages||9||6419397851557398720\n                                    [invoice_number] => 5cd404c090ffc\n                                    [item_list] => PayPal\\Api\\ItemList Object\n                                        (\n                                            [_propMap:PayPal\\Common\\PayPalModel:private] => Array\n                                                (\n                                                    [items] => Array\n                                                        (\n                                                            [0] => PayPal\\Api\\Item Object\n                                                                (\n                                                                    [_propMap:PayPal\\Common\\PayPalModel:private] => Array\n                                                                        (\n                                                                            [name] => Design packages\n                                                                            [price] => 799.00\n                                                                            [currency] => USD\n                                                                            [quantity] => 1\n                                                                        )\n\n                                                                )\n\n                                                        )\n\n                                                    [shipping_address] => PayPal\\Api\\ShippingAddress Object\n                                                        (\n                                                            [_propMap:PayPal\\Common\\PayPalModel:private] => Array\n                                                                (\n                                                                    [recipient_name] => test buyer\n                                                                    [line1] => 1 Main St\n                                                                    [city] => San Jose\n                                                                    [state] => CA\n                                                                    [postal_code] => 95131\n                                                                    [country_code] => US\n                                                                )\n\n                                                        )\n\n                                                )\n\n                                        )\n\n                                    [related_resources] => Array\n                                        (\n                                        )\n\n                                )\n\n                        )\n\n                )\n\n            [redirect_urls] => PayPal\\Api\\RedirectUrls Object\n                (\n                    [_propMap:PayPal\\Common\\PayPalModel:private] => Array\n                        (\n                            [return_url] => http://arkotte.com/contest/success?success=true&paymentId=PAYID-LTKAJQI62979540EH638024G\n                            [cancel_url] => http://arkotte.com/contest/success?success=false\n                        )\n\n                )\n\n            [create_time] => 2019-05-09T10:45:21Z\n            [update_time] => 2019-05-09T10:56:51Z\n            [links] => Array\n                (\n                    [0] => PayPal\\Api\\Links Object\n                        (\n                            [_propMap:PayPal\\Common\\PayPalModel:private] => Array\n                                (\n                                    [href] => https://api.sandbox.paypal.com/v1/payments/payment/PAYID-LTKAJQI62979540EH638024G\n                                    [rel] => self\n                                    [method] => GET\n                                )\n\n                        )\n\n                    [1] => PayPal\\Api\\Links Object\n                        (\n                            [_propMap:PayPal\\Common\\PayPalModel:private] => Array\n                                (\n                                    [href] => https://api.sandbox.paypal.com/v1/payments/payment/PAYID-LTKAJQI62979540EH638024G/execute\n                                    [rel] => execute\n                                    [method] => POST\n                                )\n\n                        )\n\n                    [2] => PayPal\\Api\\Links Object\n                        (\n                            [_propMap:PayPal\\Common\\PayPalModel:private] => Array\n                                (\n                                    [href] => https://www.sandbox.paypal.com/cgi-bin/webscr?cmd=_express-checkout&token=EC-2DX01546622421206\n                                    [rel] => approval_url\n                                    [method] => REDIRECT\n                                )\n\n                        )\n\n                )\n\n        )\n\n)\n'),
(8, 10, '524010871557403223', 'PAYID-LTKBMWI42F31229DK808910V', '799.00', 'success', 1557403299, 'PayPal\\Api\\Payment Object\n(\n    [_propMap:PayPal\\Common\\PayPalModel:private] => Array\n        (\n            [id] => PAYID-LTKBMWI42F31229DK808910V\n            [intent] => sale\n            [state] => created\n            [cart] => 5X863150A4607223S\n            [payer] => PayPal\\Api\\Payer Object\n                (\n                    [_propMap:PayPal\\Common\\PayPalModel:private] => Array\n                        (\n                            [payment_method] => paypal\n                            [status] => VERIFIED\n                            [payer_info] => PayPal\\Api\\PayerInfo Object\n                                (\n                                    [_propMap:PayPal\\Common\\PayPalModel:private] => Array\n                                        (\n                                            [email] => donwithkalnayak-buyer-1@gmail.com\n                                            [first_name] => test\n                                            [last_name] => buyer\n                                            [payer_id] => XJWQD6XJCJ6J8\n                                            [shipping_address] => PayPal\\Api\\ShippingAddress Object\n                                                (\n                                                    [_propMap:PayPal\\Common\\PayPalModel:private] => Array\n                                                        (\n                                                            [recipient_name] => test buyer\n                                                            [line1] => 1 Main St\n                                                            [city] => San Jose\n                                                            [state] => CA\n                                                            [postal_code] => 95131\n                                                            [country_code] => US\n                                                        )\n\n                                                )\n\n                                            [country_code] => US\n                                        )\n\n                                )\n\n                        )\n\n                )\n\n            [transactions] => Array\n                (\n                    [0] => PayPal\\Api\\Transaction Object\n                        (\n                            [_propMap:PayPal\\Common\\PayPalModel:private] => Array\n                                (\n                                    [amount] => PayPal\\Api\\Amount Object\n                                        (\n                                            [_propMap:PayPal\\Common\\PayPalModel:private] => Array\n                                                (\n                                                    [total] => 799.00\n                                                    [currency] => USD\n                                                    [details] => PayPal\\Api\\Details Object\n                                                        (\n                                                            [_propMap:PayPal\\Common\\PayPalModel:private] => Array\n                                                                (\n                                                                    [subtotal] => 799.00\n                                                                    [shipping] => 0.00\n                                                                )\n\n                                                        )\n\n                                                )\n\n                                        )\n\n                                    [payee] => PayPal\\Api\\Payee Object\n                                        (\n                                            [_propMap:PayPal\\Common\\PayPalModel:private] => Array\n                                                (\n                                                    [merchant_id] => J5BFQ6TUHHJX8\n                                                    [email] => donwithkalnayak-facilitator@gmail.com\n                                                )\n\n                                        )\n\n                                    [description] => Design packages||10||524010871557403223\n                                    [invoice_number] => 5cd4165762e0f\n                                    [item_list] => PayPal\\Api\\ItemList Object\n                                        (\n                                            [_propMap:PayPal\\Common\\PayPalModel:private] => Array\n                                                (\n                                                    [items] => Array\n                                                        (\n                                                            [0] => PayPal\\Api\\Item Object\n                                                                (\n                                                                    [_propMap:PayPal\\Common\\PayPalModel:private] => Array\n                                                                        (\n                                                                            [name] => Design packages\n                                                                            [price] => 799.00\n                                                                            [currency] => USD\n                                                                            [quantity] => 1\n                                                                        )\n\n                                                                )\n\n                                                        )\n\n                                                    [shipping_address] => PayPal\\Api\\ShippingAddress Object\n                                                        (\n                                                            [_propMap:PayPal\\Common\\PayPalModel:private] => Array\n                                                                (\n                                                                    [recipient_name] => test buyer\n                                                                    [line1] => 1 Main St\n                                                                    [city] => San Jose\n                                                                    [state] => CA\n                                                                    [postal_code] => 95131\n                                                                    [country_code] => US\n                                                                )\n\n                                                        )\n\n                                                )\n\n                                        )\n\n                                    [related_resources] => Array\n                                        (\n                                        )\n\n                                )\n\n                        )\n\n                )\n\n            [redirect_urls] => PayPal\\Api\\RedirectUrls Object\n                (\n                    [_propMap:PayPal\\Common\\PayPalModel:private] => Array\n                        (\n                            [return_url] => http://arkotte.com/contest/success?success=true&paymentId=PAYID-LTKBMWI42F31229DK808910V\n                            [cancel_url] => http://arkotte.com/contest/success?success=false\n                        )\n\n                )\n\n            [create_time] => 2019-05-09T12:00:24Z\n            [update_time] => 2019-05-09T12:01:39Z\n            [links] => Array\n                (\n                    [0] => PayPal\\Api\\Links Object\n                        (\n                            [_propMap:PayPal\\Common\\PayPalModel:private] => Array\n                                (\n                                    [href] => https://api.sandbox.paypal.com/v1/payments/payment/PAYID-LTKBMWI42F31229DK808910V\n                                    [rel] => self\n                                    [method] => GET\n                                )\n\n                        )\n\n                    [1] => PayPal\\Api\\Links Object\n                        (\n                            [_propMap:PayPal\\Common\\PayPalModel:private] => Array\n                                (\n                                    [href] => https://api.sandbox.paypal.com/v1/payments/payment/PAYID-LTKBMWI42F31229DK808910V/execute\n                                    [rel] => execute\n                                    [method] => POST\n                                )\n\n                        )\n\n                    [2] => PayPal\\Api\\Links Object\n                        (\n                            [_propMap:PayPal\\Common\\PayPalModel:private] => Array\n                                (\n                                    [href] => https://www.sandbox.paypal.com/cgi-bin/webscr?cmd=_express-checkout&token=EC-5X863150A4607223S\n                                    [rel] => approval_url\n                                    [method] => REDIRECT\n                                )\n\n                        )\n\n                )\n\n        )\n\n)\n'),
(9, 11, '8488979571557409675', 'PAYID-LTKC7DA4JE55522H97581247', '799.00', 'success', 1557409731, 'PayPal\\Api\\Payment Object\n(\n    [_propMap:PayPal\\Common\\PayPalModel:private] => Array\n        (\n            [id] => PAYID-LTKC7DA4JE55522H97581247\n            [intent] => sale\n            [state] => created\n            [cart] => 5P903784SU536282D\n            [payer] => PayPal\\Api\\Payer Object\n                (\n                    [_propMap:PayPal\\Common\\PayPalModel:private] => Array\n                        (\n                            [payment_method] => paypal\n                            [status] => VERIFIED\n                            [payer_info] => PayPal\\Api\\PayerInfo Object\n                                (\n                                    [_propMap:PayPal\\Common\\PayPalModel:private] => Array\n                                        (\n                                            [email] => donwithkalnayak-buyer-1@gmail.com\n                                            [first_name] => test\n                                            [last_name] => buyer\n                                            [payer_id] => XJWQD6XJCJ6J8\n                                            [shipping_address] => PayPal\\Api\\ShippingAddress Object\n                                                (\n                                                    [_propMap:PayPal\\Common\\PayPalModel:private] => Array\n                                                        (\n                                                            [recipient_name] => test buyer\n                                                            [line1] => 1 Main St\n                                                            [city] => San Jose\n                                                            [state] => CA\n                                                            [postal_code] => 95131\n                                                            [country_code] => US\n                                                        )\n\n                                                )\n\n                                            [country_code] => US\n                                        )\n\n                                )\n\n                        )\n\n                )\n\n            [transactions] => Array\n                (\n                    [0] => PayPal\\Api\\Transaction Object\n                        (\n                            [_propMap:PayPal\\Common\\PayPalModel:private] => Array\n                                (\n                                    [amount] => PayPal\\Api\\Amount Object\n                                        (\n                                            [_propMap:PayPal\\Common\\PayPalModel:private] => Array\n                                                (\n                                                    [total] => 799.00\n                                                    [currency] => USD\n                                                    [details] => PayPal\\Api\\Details Object\n                                                        (\n                                                            [_propMap:PayPal\\Common\\PayPalModel:private] => Array\n                                                                (\n                                                                    [subtotal] => 799.00\n                                                                    [shipping] => 0.00\n                                                                )\n\n                                                        )\n\n                                                )\n\n                                        )\n\n                                    [payee] => PayPal\\Api\\Payee Object\n                                        (\n                                            [_propMap:PayPal\\Common\\PayPalModel:private] => Array\n                                                (\n                                                    [merchant_id] => J5BFQ6TUHHJX8\n                                                    [email] => donwithkalnayak-facilitator@gmail.com\n                                                )\n\n                                        )\n\n                                    [description] => Design packages||11||8488979571557409675\n                                    [invoice_number] => 5cd42f8b80220\n                                    [item_list] => PayPal\\Api\\ItemList Object\n                                        (\n                                            [_propMap:PayPal\\Common\\PayPalModel:private] => Array\n                                                (\n                                                    [items] => Array\n                                                        (\n                                                            [0] => PayPal\\Api\\Item Object\n                                                                (\n                                                                    [_propMap:PayPal\\Common\\PayPalModel:private] => Array\n                                                                        (\n                                                                            [name] => Design packages\n                                                                            [price] => 799.00\n                                                                            [currency] => USD\n                                                                            [quantity] => 1\n                                                                        )\n\n                                                                )\n\n                                                        )\n\n                                                    [shipping_address] => PayPal\\Api\\ShippingAddress Object\n                                                        (\n                                                            [_propMap:PayPal\\Common\\PayPalModel:private] => Array\n                                                                (\n                                                                    [recipient_name] => test buyer\n                                                                    [line1] => 1 Main St\n                                                                    [city] => San Jose\n                                                                    [state] => CA\n                                                                    [postal_code] => 95131\n                                                                    [country_code] => US\n                                                                )\n\n                                                        )\n\n                                                )\n\n                                        )\n\n                                    [related_resources] => Array\n                                        (\n                                        )\n\n                                )\n\n                        )\n\n                )\n\n            [redirect_urls] => PayPal\\Api\\RedirectUrls Object\n                (\n                    [_propMap:PayPal\\Common\\PayPalModel:private] => Array\n                        (\n                            [return_url] => http://arkotte.com/contest/success?success=true&paymentId=PAYID-LTKC7DA4JE55522H97581247\n                            [cancel_url] => http://arkotte.com/contest/success?success=false\n                        )\n\n                )\n\n            [create_time] => 2019-05-09T13:47:56Z\n            [update_time] => 2019-05-09T13:48:50Z\n            [links] => Array\n                (\n                    [0] => PayPal\\Api\\Links Object\n                        (\n                            [_propMap:PayPal\\Common\\PayPalModel:private] => Array\n                                (\n                                    [href] => https://api.sandbox.paypal.com/v1/payments/payment/PAYID-LTKC7DA4JE55522H97581247\n                                    [rel] => self\n                                    [method] => GET\n                                )\n\n                        )\n\n                    [1] => PayPal\\Api\\Links Object\n                        (\n                            [_propMap:PayPal\\Common\\PayPalModel:private] => Array\n                                (\n                                    [href] => https://api.sandbox.paypal.com/v1/payments/payment/PAYID-LTKC7DA4JE55522H97581247/execute\n                                    [rel] => execute\n                                    [method] => POST\n                                )\n\n                        )\n\n                    [2] => PayPal\\Api\\Links Object\n                        (\n                            [_propMap:PayPal\\Common\\PayPalModel:private] => Array\n                                (\n                                    [href] => https://www.sandbox.paypal.com/cgi-bin/webscr?cmd=_express-checkout&token=EC-5P903784SU536282D\n                                    [rel] => approval_url\n                                    [method] => REDIRECT\n                                )\n\n                        )\n\n                )\n\n        )\n\n)\n'),
(10, 12, '5101184621557414402', 'PAYID-LTKEEAY9PP30565UM9628430', '799.00', 'success', 1557414430, 'PayPal\\Api\\Payment Object\n(\n    [_propMap:PayPal\\Common\\PayPalModel:private] => Array\n        (\n            [id] => PAYID-LTKEEAY9PP30565UM9628430\n            [intent] => sale\n            [state] => created\n            [cart] => 7871155228794470C\n            [payer] => PayPal\\Api\\Payer Object\n                (\n                    [_propMap:PayPal\\Common\\PayPalModel:private] => Array\n                        (\n                            [payment_method] => paypal\n                            [status] => VERIFIED\n                            [payer_info] => PayPal\\Api\\PayerInfo Object\n                                (\n                                    [_propMap:PayPal\\Common\\PayPalModel:private] => Array\n                                        (\n                                            [email] => donwithkalnayak-buyer-1@gmail.com\n                                            [first_name] => test\n                                            [last_name] => buyer\n                                            [payer_id] => XJWQD6XJCJ6J8\n                                            [shipping_address] => PayPal\\Api\\ShippingAddress Object\n                                                (\n                                                    [_propMap:PayPal\\Common\\PayPalModel:private] => Array\n                                                        (\n                                                            [recipient_name] => test buyer\n                                                            [line1] => 1 Main St\n                                                            [city] => San Jose\n                                                            [state] => CA\n                                                            [postal_code] => 95131\n                                                            [country_code] => US\n                                                        )\n\n                                                )\n\n                                            [country_code] => US\n                                        )\n\n                                )\n\n                        )\n\n                )\n\n            [transactions] => Array\n                (\n                    [0] => PayPal\\Api\\Transaction Object\n                        (\n                            [_propMap:PayPal\\Common\\PayPalModel:private] => Array\n                                (\n                                    [amount] => PayPal\\Api\\Amount Object\n                                        (\n                                            [_propMap:PayPal\\Common\\PayPalModel:private] => Array\n                                                (\n                                                    [total] => 799.00\n                                                    [currency] => USD\n                                                    [details] => PayPal\\Api\\Details Object\n                                                        (\n                                                            [_propMap:PayPal\\Common\\PayPalModel:private] => Array\n                                                                (\n                                                                    [subtotal] => 799.00\n                                                                    [shipping] => 0.00\n                                                                )\n\n                                                        )\n\n                                                )\n\n                                        )\n\n                                    [payee] => PayPal\\Api\\Payee Object\n                                        (\n                                            [_propMap:PayPal\\Common\\PayPalModel:private] => Array\n                                                (\n                                                    [merchant_id] => J5BFQ6TUHHJX8\n                                                    [email] => donwithkalnayak-facilitator@gmail.com\n                                                )\n\n                                        )\n\n                                    [description] => Design packages||12||5101184621557414402\n                                    [invoice_number] => 5cd44202149ac\n                                    [item_list] => PayPal\\Api\\ItemList Object\n                                        (\n                                            [_propMap:PayPal\\Common\\PayPalModel:private] => Array\n                                                (\n                                                    [items] => Array\n                                                        (\n                                                            [0] => PayPal\\Api\\Item Object\n                                                                (\n                                                                    [_propMap:PayPal\\Common\\PayPalModel:private] => Array\n                                                                        (\n                                                                            [name] => Design packages\n                                                                            [price] => 799.00\n                                                                            [currency] => USD\n                                                                            [quantity] => 1\n                                                                        )\n\n                                                                )\n\n                                                        )\n\n                                                    [shipping_address] => PayPal\\Api\\ShippingAddress Object\n                                                        (\n                                                            [_propMap:PayPal\\Common\\PayPalModel:private] => Array\n                                                                (\n                                                                    [recipient_name] => test buyer\n                                                                    [line1] => 1 Main St\n                                                                    [city] => San Jose\n                                                                    [state] => CA\n                                                                    [postal_code] => 95131\n                                                                    [country_code] => US\n                                                                )\n\n                                                        )\n\n                                                )\n\n                                        )\n\n                                    [related_resources] => Array\n                                        (\n                                        )\n\n                                )\n\n                        )\n\n                )\n\n            [redirect_urls] => PayPal\\Api\\RedirectUrls Object\n                (\n                    [_propMap:PayPal\\Common\\PayPalModel:private] => Array\n                        (\n                            [return_url] => http://arkotte.com/contest/success?success=true&paymentId=PAYID-LTKEEAY9PP30565UM9628430\n                            [cancel_url] => http://arkotte.com/contest/success?success=false\n                        )\n\n                )\n\n            [create_time] => 2019-05-09T15:06:42Z\n            [update_time] => 2019-05-09T15:07:09Z\n            [links] => Array\n                (\n                    [0] => PayPal\\Api\\Links Object\n                        (\n                            [_propMap:PayPal\\Common\\PayPalModel:private] => Array\n                                (\n                                    [href] => https://api.sandbox.paypal.com/v1/payments/payment/PAYID-LTKEEAY9PP30565UM9628430\n                                    [rel] => self\n                                    [method] => GET\n                                )\n\n                        )\n\n                    [1] => PayPal\\Api\\Links Object\n                        (\n                            [_propMap:PayPal\\Common\\PayPalModel:private] => Array\n                                (\n                                    [href] => https://api.sandbox.paypal.com/v1/payments/payment/PAYID-LTKEEAY9PP30565UM9628430/execute\n                                    [rel] => execute\n                                    [method] => POST\n                                )\n\n                        )\n\n                    [2] => PayPal\\Api\\Links Object\n                        (\n                            [_propMap:PayPal\\Common\\PayPalModel:private] => Array\n                                (\n                                    [href] => https://www.sandbox.paypal.com/cgi-bin/webscr?cmd=_express-checkout&token=EC-7871155228794470C\n                                    [rel] => approval_url\n                                    [method] => REDIRECT\n                                )\n\n                        )\n\n                )\n\n        )\n\n)\n');
INSERT INTO `transaction_details` (`id`, `contest_id`, `order_id`, `transaction_id`, `transaction_amount`, `payment_status`, `payment_date`, `paypal_records`) VALUES
(11, 13, '9304401671557489815', 'PAYID-LTKWRGA22J07117DK893115R', '799.00', 'success', 1557489860, 'PayPal\\Api\\Payment Object\n(\n    [_propMap:PayPal\\Common\\PayPalModel:private] => Array\n        (\n            [id] => PAYID-LTKWRGA22J07117DK893115R\n            [intent] => sale\n            [state] => created\n            [cart] => 5YA2219696257505P\n            [payer] => PayPal\\Api\\Payer Object\n                (\n                    [_propMap:PayPal\\Common\\PayPalModel:private] => Array\n                        (\n                            [payment_method] => paypal\n                            [status] => VERIFIED\n                            [payer_info] => PayPal\\Api\\PayerInfo Object\n                                (\n                                    [_propMap:PayPal\\Common\\PayPalModel:private] => Array\n                                        (\n                                            [email] => donwithkalnayak-buyer-1@gmail.com\n                                            [first_name] => test\n                                            [last_name] => buyer\n                                            [payer_id] => XJWQD6XJCJ6J8\n                                            [shipping_address] => PayPal\\Api\\ShippingAddress Object\n                                                (\n                                                    [_propMap:PayPal\\Common\\PayPalModel:private] => Array\n                                                        (\n                                                            [recipient_name] => test buyer\n                                                            [line1] => 1 Main St\n                                                            [city] => San Jose\n                                                            [state] => CA\n                                                            [postal_code] => 95131\n                                                            [country_code] => US\n                                                        )\n\n                                                )\n\n                                            [country_code] => US\n                                        )\n\n                                )\n\n                        )\n\n                )\n\n            [transactions] => Array\n                (\n                    [0] => PayPal\\Api\\Transaction Object\n                        (\n                            [_propMap:PayPal\\Common\\PayPalModel:private] => Array\n                                (\n                                    [amount] => PayPal\\Api\\Amount Object\n                                        (\n                                            [_propMap:PayPal\\Common\\PayPalModel:private] => Array\n                                                (\n                                                    [total] => 799.00\n                                                    [currency] => USD\n                                                    [details] => PayPal\\Api\\Details Object\n                                                        (\n                                                            [_propMap:PayPal\\Common\\PayPalModel:private] => Array\n                                                                (\n                                                                    [subtotal] => 799.00\n                                                                    [shipping] => 0.00\n                                                                )\n\n                                                        )\n\n                                                )\n\n                                        )\n\n                                    [payee] => PayPal\\Api\\Payee Object\n                                        (\n                                            [_propMap:PayPal\\Common\\PayPalModel:private] => Array\n                                                (\n                                                    [merchant_id] => J5BFQ6TUHHJX8\n                                                    [email] => donwithkalnayak-facilitator@gmail.com\n                                                )\n\n                                        )\n\n                                    [description] => Design packages||13||9304401671557489815\n                                    [invoice_number] => 5cd568977b3fd\n                                    [item_list] => PayPal\\Api\\ItemList Object\n                                        (\n                                            [_propMap:PayPal\\Common\\PayPalModel:private] => Array\n                                                (\n                                                    [items] => Array\n                                                        (\n                                                            [0] => PayPal\\Api\\Item Object\n                                                                (\n                                                                    [_propMap:PayPal\\Common\\PayPalModel:private] => Array\n                                                                        (\n                                                                            [name] => DESIGNOGRAPGY 2019-20 V99.99\n                                                                            [price] => 799.00\n                                                                            [currency] => USD\n                                                                            [quantity] => 1\n                                                                        )\n\n                                                                )\n\n                                                        )\n\n                                                    [shipping_address] => PayPal\\Api\\ShippingAddress Object\n                                                        (\n                                                            [_propMap:PayPal\\Common\\PayPalModel:private] => Array\n                                                                (\n                                                                    [recipient_name] => test buyer\n                                                                    [line1] => 1 Main St\n                                                                    [city] => San Jose\n                                                                    [state] => CA\n                                                                    [postal_code] => 95131\n                                                                    [country_code] => US\n                                                                )\n\n                                                        )\n\n                                                )\n\n                                        )\n\n                                    [related_resources] => Array\n                                        (\n                                        )\n\n                                )\n\n                        )\n\n                )\n\n            [redirect_urls] => PayPal\\Api\\RedirectUrls Object\n                (\n                    [_propMap:PayPal\\Common\\PayPalModel:private] => Array\n                        (\n                            [return_url] => http://arkotte.com/contest/success?success=true&paymentId=PAYID-LTKWRGA22J07117DK893115R\n                            [cancel_url] => http://arkotte.com/contest/success?success=false\n                        )\n\n                )\n\n            [create_time] => 2019-05-10T12:03:36Z\n            [update_time] => 2019-05-10T12:04:20Z\n            [links] => Array\n                (\n                    [0] => PayPal\\Api\\Links Object\n                        (\n                            [_propMap:PayPal\\Common\\PayPalModel:private] => Array\n                                (\n                                    [href] => https://api.sandbox.paypal.com/v1/payments/payment/PAYID-LTKWRGA22J07117DK893115R\n                                    [rel] => self\n                                    [method] => GET\n                                )\n\n                        )\n\n                    [1] => PayPal\\Api\\Links Object\n                        (\n                            [_propMap:PayPal\\Common\\PayPalModel:private] => Array\n                                (\n                                    [href] => https://api.sandbox.paypal.com/v1/payments/payment/PAYID-LTKWRGA22J07117DK893115R/execute\n                                    [rel] => execute\n                                    [method] => POST\n                                )\n\n                        )\n\n                    [2] => PayPal\\Api\\Links Object\n                        (\n                            [_propMap:PayPal\\Common\\PayPalModel:private] => Array\n                                (\n                                    [href] => https://www.sandbox.paypal.com/cgi-bin/webscr?cmd=_express-checkout&token=EC-5YA2219696257505P\n                                    [rel] => approval_url\n                                    [method] => REDIRECT\n                                )\n\n                        )\n\n                )\n\n        )\n\n)\n');

-- --------------------------------------------------------

--
-- Table structure for table `user`
--

CREATE TABLE `user` (
  `id` int(11) NOT NULL,
  `username` varchar(255) COLLATE utf8_unicode_ci NOT NULL,
  `email` varchar(255) COLLATE utf8_unicode_ci NOT NULL,
  `password_hash` varchar(60) COLLATE utf8_unicode_ci NOT NULL,
  `auth_key` varchar(32) COLLATE utf8_unicode_ci NOT NULL,
  `confirmed_at` int(11) DEFAULT NULL,
  `unconfirmed_email` varchar(255) COLLATE utf8_unicode_ci DEFAULT NULL,
  `blocked_at` int(11) DEFAULT NULL,
  `registration_ip` varchar(45) COLLATE utf8_unicode_ci DEFAULT NULL,
  `created_at` int(11) NOT NULL,
  `updated_at` int(11) NOT NULL,
  `flags` int(11) NOT NULL DEFAULT '0',
  `last_login_at` int(11) DEFAULT NULL,
  `role` enum('0','1','2','3') COLLATE utf8_unicode_ci NOT NULL DEFAULT '0' COMMENT '0=>No Role, 1=> Admin, 2=> Developer, 3=> Designer'
) ENGINE=InnoDB DEFAULT CHARSET=utf8 COLLATE=utf8_unicode_ci;

--
-- Dumping data for table `user`
--

INSERT INTO `user` (`id`, `username`, `email`, `password_hash`, `auth_key`, `confirmed_at`, `unconfirmed_email`, `blocked_at`, `registration_ip`, `created_at`, `updated_at`, `flags`, `last_login_at`, `role`) VALUES
(1, 'admin', 'adminark@yopmail.com', '$2y$12$rfv7NuPw.tuMKynNC46rfeyjB4d7xP5u4Hf1h6eQRUE1ghPaLMN0e', 'WQB90I8yyHUyntZARY0VUA5Hwl9ncm1h', 1555930498, NULL, NULL, '182.75.120.10', 1555930382, 1555933405, 0, 1557933470, '1'),
(2, 'architect', 'architecark@yopmail.com', '$2y$12$gY3AMeII29yzfdjmnmCJAeFIyANDSKfiy5G1CsOdndCDUSXrA9sK2', 'TwoKe8B0FGUV97dVordcqcU0lAX6M0BI', 1555938856, NULL, NULL, '182.75.120.10', 1555938827, 1555938827, 0, 1557844694, '3'),
(3, 'demo123', 'demo123@yopmail.com', '$2y$12$l7kuZ0CCY81oYa9JiIaupenEem3nnnuvjgd12wLWlP.qUZM2KXMqS', 'ms93C0F2tPpROpZFJULYucdplrP79MUm', 1556790648, NULL, NULL, '182.75.120.10', 1556790604, 1556790604, 0, 1557924258, '2'),
(4, 'architect2', 'architect2@yopmail.com', '$2y$12$Tf59KkPOYkqze7WKMJKb1eGtZ9K5srIOiOMOJ5KsLZaaf0q7EjrfO', 'CHwPWYEyGfHlP6mvnmYLwHF22rIqtmqB', 1557322323, NULL, NULL, '182.75.120.10', 1557322254, 1557322254, 0, 1557825310, '3'),
(5, 'architect3', 'architect3@yopmail.com', '$2y$12$AG1Oos1mqaAYixkvtqIS.e0LCqjK4cKFTnWSQ8tgKGYnTJYPBl3cW', 'anh0FyH8bjGe2_7nXu2udDSYpZI0Cvnu', 1557322809, NULL, NULL, '182.75.120.10', 1557322787, 1557322787, 0, 1557825368, '3'),
(6, 'virtual', 'testirtual8@gmail.com', '$2y$12$0Z7gxmNGoHiG5ecgi8wly.tZh7oJ2NtyxJ4cuj.ZjMuoNsMfs1jsW', 'VfIPqWQzR_V0XIW42PQ8SSR1QGsRqhMl', NULL, NULL, NULL, '182.75.120.10', 1557390420, 1557390420, 0, NULL, '2'),
(7, 'virtual100', 'testvirtual8@gmail.com', '$2y$12$yOvsFpS9DRVvZL//qV.HXuLRAGwz37AoXoLwMcwrntVZHgJEFb97i', '270GbIh1Una9l8TzQNdvKwbqUL0nyBJd', 1557392107, NULL, NULL, '182.75.120.10', 1557390651, 1557824921, 0, 1557828973, '2'),
(8, 'demo1234', 'demo1234@yopmail.com', '$2y$12$mCVTphPgzXWp78d61eETzOifXupzRinUuuezA6lmm1Jhly/H5bY1y', 'UHYQLUlFZJOcRzi6yL65TIQB6QLuPiSX', 1557393104, NULL, NULL, '182.75.120.10', 1557393066, 1557393066, 0, 1557397352, '2'),
(9, 'idrish400', 'idrish400@mailinator.com', '$2y$12$WHgrdIyCYqhj/Ml5Sd57gOF.AnLCz4HFJOq0SXMo1z.If.moSZJXy', 'aRsgAe4L0qIbok-_dKG_xCNcqktBwLFd', 1557469475, NULL, NULL, '182.75.120.10', 1557469405, 1557469405, 0, 1557469566, '3'),
(10, 'demo12', 'demo12@yopmail.com', '$2y$12$ZmZQ2o1H0YHpfug6Iucc0OCYTykki2eTraq2EKbwa/Cdt.a8GxZ/W', 'RamDSgbVIa7aj_y6hgxCZ_UA8duRs2QU', 1557482462, NULL, NULL, '182.75.120.10', 1557482406, 1557482406, 0, 1557482471, '2'),
(11, 'demok1237', 'demok123@yopmail.com', '$2y$12$fgHYuJ7n//b4k9rXpTURT.XSuGU42mmwHQ0XVf5iSAVlq9J78RamO', 'Z8Uizk3xsBWlckGEgQlxLqaD32UrHtpz', 1557930321, NULL, NULL, '182.75.120.10', 1557930195, 1557931146, 0, NULL, '2');

--
-- Indexes for dumped tables
--

--
-- Indexes for table `competition`
--
ALTER TABLE `competition`
  ADD PRIMARY KEY (`id`);

--
-- Indexes for table `competition_comment`
--
ALTER TABLE `competition_comment`
  ADD PRIMARY KEY (`id`);

--
-- Indexes for table `competition_rating`
--
ALTER TABLE `competition_rating`
  ADD PRIMARY KEY (`id`);

--
-- Indexes for table `contactus`
--
ALTER TABLE `contactus`
  ADD PRIMARY KEY (`id`);

--
-- Indexes for table `contest`
--
ALTER TABLE `contest`
  ADD PRIMARY KEY (`id`);

--
-- Indexes for table `contest_proposal`
--
ALTER TABLE `contest_proposal`
  ADD PRIMARY KEY (`id`);

--
-- Indexes for table `migration`
--
ALTER TABLE `migration`
  ADD PRIMARY KEY (`version`);

--
-- Indexes for table `profile`
--
ALTER TABLE `profile`
  ADD PRIMARY KEY (`user_id`);

--
-- Indexes for table `role`
--
ALTER TABLE `role`
  ADD PRIMARY KEY (`role_id`),
  ADD UNIQUE KEY `role_name` (`role_name`);

--
-- Indexes for table `social_account`
--
ALTER TABLE `social_account`
  ADD PRIMARY KEY (`id`),
  ADD UNIQUE KEY `account_unique` (`provider`,`client_id`),
  ADD UNIQUE KEY `account_unique_code` (`code`),
  ADD KEY `fk_user_account` (`user_id`);

--
-- Indexes for table `token`
--
ALTER TABLE `token`
  ADD UNIQUE KEY `token_unique` (`user_id`,`code`,`type`);

--
-- Indexes for table `transaction_details`
--
ALTER TABLE `transaction_details`
  ADD PRIMARY KEY (`id`),
  ADD KEY `contest_id` (`contest_id`),
  ADD KEY `order_id` (`order_id`(767));

--
-- Indexes for table `user`
--
ALTER TABLE `user`
  ADD PRIMARY KEY (`id`),
  ADD UNIQUE KEY `user_unique_username` (`username`),
  ADD UNIQUE KEY `user_unique_email` (`email`);

--
-- AUTO_INCREMENT for dumped tables
--

--
-- AUTO_INCREMENT for table `competition`
--
ALTER TABLE `competition`
  MODIFY `id` int(11) NOT NULL AUTO_INCREMENT, AUTO_INCREMENT=4;

--
-- AUTO_INCREMENT for table `competition_comment`
--
ALTER TABLE `competition_comment`
  MODIFY `id` int(11) NOT NULL AUTO_INCREMENT;

--
-- AUTO_INCREMENT for table `competition_rating`
--
ALTER TABLE `competition_rating`
  MODIFY `id` int(11) NOT NULL AUTO_INCREMENT;

--
-- AUTO_INCREMENT for table `contactus`
--
ALTER TABLE `contactus`
  MODIFY `id` int(11) NOT NULL AUTO_INCREMENT, AUTO_INCREMENT=30;

--
-- AUTO_INCREMENT for table `contest`
--
ALTER TABLE `contest`
  MODIFY `id` int(11) NOT NULL AUTO_INCREMENT, AUTO_INCREMENT=24;

--
-- AUTO_INCREMENT for table `contest_proposal`
--
ALTER TABLE `contest_proposal`
  MODIFY `id` int(11) NOT NULL AUTO_INCREMENT, AUTO_INCREMENT=12;

--
-- AUTO_INCREMENT for table `role`
--
ALTER TABLE `role`
  MODIFY `role_id` int(11) NOT NULL AUTO_INCREMENT, AUTO_INCREMENT=4;

--
-- AUTO_INCREMENT for table `social_account`
--
ALTER TABLE `social_account`
  MODIFY `id` int(11) NOT NULL AUTO_INCREMENT;

--
-- AUTO_INCREMENT for table `transaction_details`
--
ALTER TABLE `transaction_details`
  MODIFY `id` int(11) NOT NULL AUTO_INCREMENT, AUTO_INCREMENT=12;

--
-- AUTO_INCREMENT for table `user`
--
ALTER TABLE `user`
  MODIFY `id` int(11) NOT NULL AUTO_INCREMENT, AUTO_INCREMENT=12;

--
-- Constraints for dumped tables
--

--
-- Constraints for table `profile`
--
ALTER TABLE `profile`
  ADD CONSTRAINT `fk_user_profile` FOREIGN KEY (`user_id`) REFERENCES `user` (`id`) ON DELETE CASCADE;

--
-- Constraints for table `social_account`
--
ALTER TABLE `social_account`
  ADD CONSTRAINT `fk_user_account` FOREIGN KEY (`user_id`) REFERENCES `user` (`id`) ON DELETE CASCADE;

--
-- Constraints for table `token`
--
ALTER TABLE `token`
  ADD CONSTRAINT `fk_user_token` FOREIGN KEY (`user_id`) REFERENCES `user` (`id`) ON DELETE CASCADE;
COMMIT;

/*!40101 SET CHARACTER_SET_CLIENT=@OLD_CHARACTER_SET_CLIENT */;
/*!40101 SET CHARACTER_SET_RESULTS=@OLD_CHARACTER_SET_RESULTS */;
/*!40101 SET COLLATION_CONNECTION=@OLD_COLLATION_CONNECTION */;
